time_total_s,status,rmse,config__thetaS,config__rootZDeformation,config__rootXDeformation,config__kcMax,config__VG_n,config__VG_alpha,config__Ks
148.66536569595337,success,0.5953532004471713,0.3725618456956152,0.26639242043080236,0.755486898036596,2.634316023908424,1.4236330406660962,1.1948641457578983,3.895960595582751e-07
176.25684714317322,success,0.620434905828541,0.42672964698525506,0.22479664553084766,0.4985070123025904,1.797094297139436,1.1103759746797008,2.5426412865334918,1.583538918896984e-06
188.9080605506897,success,0.7237543891734217,0.31766796283480203,0.003948266327914451,0.9533933461949365,2.268288395078665,1.1845554182812679,2.5210614243979172,1.2531052360505417e-06
150.91456151008606,success,0.7152353827621494,0.4443510634863599,0.7145757833976906,0.9177741225129434,2.313816552016892,1.4062630334146942,2.625241923304227,2.934965301878308e-07
143.16568326950073,success,0.5021278685473838,0.4348267230132691,0.6177669784693172,0.4340139933332937,2.2697073638315866,1.2866703800257346,1.284340095203054,5.103207784066524e-07
146.66905546188354,success,0.45988029068637803,0.46104463936654927,0.3192360889885453,0.9086488808086682,1.635689023906361,1.4005194767022724,2.3007943638629342,6.850306958718764e-07
132.73507523536682,success,0.9195918455565344,0.46573626526153533,0.5475861559192435,0.6262871483113925,2.728930493505103,1.156992180931775,1.6014001132724067,1.1888600051092151e-07
155.63586401939392,success,0.5097466109549864,0.43960172152929,0.17431779584429552,1.0,1.5596752575178312,1.4022989711665332,2.484716856642737,1.1098101612369336e-06
183.0455265045166,success,0.6420645486753729,0.37033052788641757,0.8839364795611863,0.2959617068796787,1.9882674567483731,1.5284251512288667,1.3978950793576246,1.6180460372022666e-06
195.60212922096252,success,0.6726137454507273,0.31869207491173007,0.3841144486921996,0.15115201964256386,2.9163910683582017,1.2962646219732936,1.330031795438297,2.067571433238256e-06
143.18219375610352,success,0.7557940727974277,0.46522456876854795,0.9028317603316274,0.5973716482308843,2.3018369232027225,1.328152273547392,2.9752509498037445,2.527647122624913e-07
138.84776258468628,success,0.5321301090756828,0.4593079194565765,0.5043587389465228,0.37844216238616063,2.4256559406956137,1.2038804688862046,1.2635316152114693,4.6180602528883443e-07
138.59177780151367,success,0.4531293135970159,0.4824875572038085,0.46415438213279503,0.8119056000590824,1.711702790294891,1.3987399822380115,2.1168718710831316,4.228354277849538e-07
134.9915783405304,success,0.45897422162735596,0.5,0.4967084754376542,0.8795994669159537,1.7208460563852943,1.331961953316065,1.8870720497260125,3.71485303549542e-07
157.88330698013306,success,0.49023457046869606,0.4466828039387386,0.4316002888279359,0.7442117332022111,1.7025595242044875,1.4655180111599582,2.3466716924402506,4.812836397072736e-07
141.7638337612152,success,0.49629183923139436,0.49081501779822034,0.37566768201385176,0.6386525257953763,1.6831650848558106,1.3511422989491266,1.9201643026090882,6.260948288499333e-07
145.91126799583435,success,0.5772473786534863,0.4741600966093966,0.5526410822517382,0.9851586743227885,1.7402404957339712,1.4463376655268965,2.313579439557175,2.855634494194785e-07
145.30535650253296,success,0.5106937469646112,0.5,0.447402572821339,0.694809850062689,1.945384514071792,1.4318191677765681,2.3738950918745774,4.7168999298437064e-07
136.19534945487976,success,0.47453339159438485,0.4625201675603852,0.48090619144425106,0.9290013500554758,1.5,1.365660796699455,1.8598486502916858,3.7904089899996905e-07
137.451486825943,success,0.49345816489447736,0.5,0.6433655725180163,0.8782642683941181,1.6368948176812688,1.3430559047352888,2.1484879482121384,4.930955039128321e-07
147.0108404159546,success,0.5018637997977602,0.4567167074408735,0.2849431917475738,0.7455469317240467,1.786510762908513,1.4544240597407343,2.0852557939541247,3.6258655285100887e-07
147.81956720352173,success,1.2075397784616455,0.37143635172690725,0.330719311982132,0.30545991834281827,2.6607454443158938,1.1196408836126936,2.180402725970846,1.3413587497289087e-07
149.35580825805664,success,0.5073130916487978,0.41034552656996165,0.7311752179921115,0.4895858242804268,2.1137587869675594,1.3694602911652645,1.3051485751946386,5.639322196168587e-07
144.40723156929016,success,0.5047016306780862,0.41735275055845455,0.7092194624695551,0.39810731017592593,2.445294906542,1.335410632614902,1.0,5.188432038529117e-07
139.1518952846527,success,0.4452941950779576,0.48523546812425905,0.46540924887964913,0.8097984058042361,1.8429571043925785,1.281584387776022,1.9898322275785212,5.211547504363493e-07
173.76304078102112,success,0.5195750319137155,0.36298537436853767,0.04309735620499444,0.34634715008003303,2.8198727617768737,1.3147460892158191,1.0799184173799545,1.0463982270572241e-06
151.3181173801422,success,0.42944843661296195,0.49691892796782244,0.2946258319360131,0.7863586383672968,1.5331499673429667,1.5885461262002587,1.893020230656323,5.976643456161598e-07
147.021737575531,success,0.45166084716656285,0.49058272354677923,0.15051347770677564,0.6790976199925385,1.6179543293856469,1.5499799521198931,2.15930802844829,4.1443617346179245e-07
145.11363244056702,success,0.526769253441678,0.5,0.43873818616525057,0.8936196567420551,1.5,1.6,1.626732432864356,8.619003187802659e-07
145.36137223243713,success,0.4889438901365872,0.5,0.38603021337829824,0.9659539677146828,1.5479810115596293,1.5112426752277242,1.9492432088633698,7.582883444625725e-07
150.37614274024963,success,0.4151161370711251,0.49274452968993643,0.20322145049372797,0.6067633090199108,1.5183189231263041,1.6,1.8367972524492764,4.7106443430032604e-07
150.7167353630066,success,0.4684279412220541,0.5,0.2576574916264143,0.6242627203837657,1.5,1.6,1.7350815229918952,7.115256698654497e-07
145.85944628715515,success,0.4787397783133783,0.4620199232303008,0.14878540936104162,0.5892638976560559,1.7302846191662709,1.5550665789109377,1.9385129819066576,3.1186745701620023e-07
155.48397779464722,success,0.4606745928242695,0.491418239638423,0.20300780744124078,0.733218561921263,1.7740032017224838,1.6,1.954678335238057,4.937323132165585e-07
143.61033630371094,success,0.45389224540677214,0.49407081974144984,0.20343509354621517,0.4803080561185586,1.5,1.5270729384928385,1.7189161696604958,4.4943726655653735e-07
154.9745261669159,success,0.4210927683525674,0.4856460234835781,0.08119967217023566,0.7619711244667204,1.7155722927077681,1.6,1.9020416602669523,5.619748409681806e-07
140.80171179771423,success,0.4370028818239949,0.49984303589629475,0.3252432288172203,0.45155549357310126,1.5,1.552260752039151,1.7715528446316005,3.9486056151622365e-07
138.65415620803833,success,0.4182790805335047,0.5,0.33062117206783403,0.6360628571275141,1.5621646458705827,1.5934581995689254,1.4156558166002686,3.7877206493931355e-07
158.23922967910767,success,0.4484538061940659,0.48001521496648863,0.07582172891962191,0.5774637609123076,1.5,1.6,2.2579386882982844,5.858449495166416e-07
142.8604772090912,success,0.44674611231773087,0.5,0.20753354252219128,0.6047515216063929,1.5,1.6,1.474033126009091,4.903405468119523e-07
156.4031229019165,success,0.4741105409152151,0.47377031895102184,0.19890935846526467,0.6087750964334288,1.7432300626344974,1.5629967619036926,2.1995613788894617,4.5254609822790464e-07
149.07998394966125,success,0.4286984607825229,0.5,0.1650351667731016,0.556758196330155,1.6219104232828634,1.6,1.7467947299925648,6.323121029066449e-07
141.7024269104004,success,0.4382798421275852,0.4683989767862047,0.24140773421435435,0.6567684217096666,1.5,1.502454631128224,1.926799774905988,3.50936982295036e-07
156.28010272979736,success,0.43344359267044774,0.47177983910372967,0.15712692970881983,0.46829520418890014,1.768371700496063,1.6,1.8791141673814242,6.739336857987978e-07
150.53040599822998,success,0.42790409569507676,0.49591222473725277,0.23794960685710922,0.7161193759003949,1.5222911414041684,1.5915570691664627,1.8800805526731919,5.573529071102625e-07
149.06906390190125,success,0.4330245649994721,0.472200278242727,0.2065544776124833,0.5809949503023373,1.5,1.6,1.9445505022557,4.096254271265426e-07
144.60387301445007,success,0.45602418824186075,0.5,0.26934473610173515,0.8512438014984525,1.6536006262106724,1.5190522831571622,1.8156106030906838,7.583568853217126e-07
146.71717071533203,success,0.44942640439545056,0.5,0.38186273724833164,0.7005906267860628,1.5,1.522933571438179,2.125787841530647,4.44150308576565e-07
149.01237630844116,success,0.4284038562844817,0.48430024067225796,0.09403647646588681,0.731648125014727,1.6561131263066344,1.6,1.6343732638157369,6.994079640737453e-07
144.90564680099487,success,0.6619798780897069,0.3946914730100957,0.08466320954614695,0.8346537356139456,2.6015190664147285,1.4177280331940323,1.1838260097581998,2.3810936212943708e-07
146.22417664527893,success,0.44022493259025136,0.5,0.2493159712786361,0.7452314138509215,1.5,1.5964245843362912,1.7944803375171285,3.292634066802452e-07
142.50731706619263,success,0.4265502822681244,0.47823772907791634,0.124746162060855,0.5236631872561387,1.6130899459513088,1.6,1.5813957041386075,2.471799302418773e-07
154.63117241859436,success,0.47221718839603666,0.5,0.28169673892660096,0.689863430783683,1.5,1.585729457574431,2.0921988007599452,8.977334893069387e-07
151.97198867797852,success,0.46735413996231095,0.48541930402067585,0.3398621200625992,0.5938609794827691,1.608204376913629,1.6,2.0090753475100556,4.229434356203937e-07
139.71139121055603,success,0.47651977544209667,0.5,0.06658078092485673,0.6196656385570526,1.5,1.5025868147357961,1.6645191573884972,5.246604689281682e-07
141.10738372802734,success,0.4459130464336314,0.5,0.18770520397966606,0.5845360737695512,1.6117277134464145,1.559690652273584,1.8423697740212441,2.6674339867283084e-07
152.66902899742126,success,0.48140946872110507,0.45526793928984033,0.2187376970077899,0.6289905442702705,1.5,1.6,1.8312247308773086,8.31892006950304e-07
140.806232213974,success,0.4013615410538556,0.4897981483735613,0.19762299816965473,0.5271621295703444,1.5,1.6,1.5369630309155413,3.1214122000993545e-07
145.4611873626709,success,0.42541967195521047,0.49274452968993643,0.20322145049372797,0.6067633090199109,1.5996563798117518,1.5224112070414124,1.8367972524492764,4.7106443430032604e-07
145.2739782333374,success,0.4552153910615576,0.4979079202522381,0.2933311070625655,0.5565107057231911,1.6253269573085734,1.5535319448645983,1.7038300277225953,6.270264776656403e-07
131.3398916721344,success,0.4076384087857977,0.48168837649488444,0.10191488927674396,0.49781355341749767,1.5,1.6,1.3700960341084873,1.553876027564601e-07
135.14504408836365,success,0.4775228297090831,0.48726545970126806,0.2436579645894528,0.6359994554070777,1.530326680269089,1.6,1.1688331774774599,4.2386207891837166e-07
138.40245127677917,success,0.4275923415362237,0.4923308370458545,0.15158803174985666,0.41832480373361103,1.5,1.5393631663897254,1.9050928843536228,2.2986755851790796e-07
135.79309678077698,success,0.3990818541046387,0.491859990389233,0.07427308616320667,0.6363839385105368,1.6642024817084948,1.6,1.2541032032449138,3.787591721099772e-07
134.78687834739685,success,0.40682152881660116,0.4897981483735613,0.19762299816965473,0.5271621295703444,1.5,1.555241124380675,1.5369630309155413,3.1214122000993535e-07
149.61668181419373,success,0.4501056002954944,0.46289137910142775,0.11480420516131537,0.6916093951284193,1.665152061334384,1.584240806826804,1.4833058108507897,7.190751140105422e-07
124.67395758628845,success,0.39867703409553346,0.5,0.03374196716509797,0.5811584818926542,1.6632529020826057,1.6,1.0249005956390378,1.9950420708806797e-07
123.21544885635376,success,0.39464683902664077,0.5,0.0,0.5112059572003249,1.7077574370928605,1.5352340136263694,1.0,2.097941664856997e-07
129.87468838691711,success,0.4142358066804624,0.49474964606442606,0.17789254381500194,0.5811584818926542,1.6632529020826055,1.6,1.2443525538811133,1.9950420708806797e-07
117.75890016555786,success,0.4311184190456786,0.47634661248963267,0.0,0.5580998520551633,1.7983765815632378,1.4678888832582837,1.0,1.2656190550481643e-07
134.39309120178223,success,0.42020368576614037,0.5,0.06504954729732113,0.46431206234548655,1.617138292622483,1.6,1.1899566523112572,3.47763350400524e-07
128.59145426750183,success,0.38304405910317446,0.5,0.0,0.45635454170188305,1.7919828294997475,1.6,1.0642535466030185,2.7061554922706865e-07
121.41245484352112,success,0.40154049801439573,0.4870836652210525,0.16934664109388922,0.5112059572003249,1.7077574370928605,1.5206356792089126,1.0,2.097941664856997e-07
134.8357481956482,success,0.4206370569004365,0.4850995687734387,0.15441112856175482,0.35714594483938666,1.75670094756074,1.5702326553019268,1.3699076170616378,2.1886400564712498e-07
131.93548130989075,success,0.4024148231474485,0.5,0.0,0.5555631385643794,1.827264711438755,1.6,1.0,3.346040170787215e-07
144.6506633758545,success,0.39736476375382257,0.48270218890095895,0.0,0.4347297456222043,1.9934846749663486,1.6,1.204528695071368,5.251230848836983e-07
121.01329803466797,success,0.4037100773693932,0.5,0.07691826005748377,0.4779793377815618,1.5904809840331464,1.5852151332015858,1.0,1.3945830528415496e-07
128.7745623588562,success,0.39389567327280245,0.4775878214223314,0.04466944489736185,0.3470010061629458,1.6414496364335878,1.5799854785916123,1.2064603964591116,1.4800697000562886e-07
137.594824552536,success,0.42074124103408594,0.5,0.0,0.5657080772408203,1.9425160225659073,1.6,1.0,4.947927484812567e-07
126.12953877449036,success,0.4086990795661686,0.5,0.013016388058173702,0.4777381382055669,1.7526170143917332,1.5639395798572435,1.3886188552822283,1.6205206282155937e-07
135.33487820625305,success,0.43767062870657086,0.47327406501935304,0.0,0.43497094519819923,1.8313486446077618,1.6,1.0,4.519089372167198e-07
140.54815983772278,success,0.4217773146277868,0.4967559748947098,0.1325858525669584,0.4778816956657155,1.9954362288902803,1.5759141642172287,1.0606780914523533,5.179705955500494e-07
124.26764512062073,success,0.388250070307937,0.5,0.0,0.43482738773805063,1.5885294301092145,1.6,1.0678290017536836,1.4138404016100527e-07
128.58019757270813,success,0.3853773258003879,0.5,0.0,0.41998102595814746,1.6052898517118632,1.6,1.2285331949632106,2.753719836363762e-07
126.11865973472595,success,0.38985329816653286,0.48590129463986037,0.09697904886426528,0.49272805744561865,1.9786758072876318,1.510497698215298,1.0,2.659412715716592e-07
137.5464210510254,success,0.3750330492746557,0.5,0.025726033150488593,0.24641975708107847,1.8211119160404945,1.6,1.347666785879524,3.493034428710535e-07
128.88017916679382,success,0.38308092962306833,0.4991152347890053,0.0,0.45635454170188305,1.7919828294997475,1.599631785094282,1.0642535466030183,2.7061554922706865e-07
145.01078271865845,success,0.4294237561164027,0.48959433635457555,0.11466591424023533,0.42960138003574133,1.8567659415460185,1.562927972745075,1.3748018257662458,5.853041936112642e-07
130.2358214855194,success,0.3754378996041455,0.5,0.0,0.06323813412641557,1.7854578905349705,1.6,1.320531745992802,2.084606543629303e-07
140.80084228515625,success,0.39850386271189425,0.4738648763455889,0.0,0.15375816374292106,1.7971598262934672,1.5876879693130772,1.3724813101052973,3.9881728545863967e-07
135.39905667304993,success,0.4133612731921802,0.5,0.23074085138768613,0.33908135041923587,1.8450640057875218,1.6,1.3228522616537506,3.0593682784149285e-07
127.42794346809387,success,0.3746366679241614,0.49316156561931646,0.0,0.18116139178677032,1.5425399410305523,1.5825852014187105,1.2431705509974076,2.0510946019009433e-07
140.80636739730835,success,0.38037739910897134,0.5,0.0728674258753373,0.24641975708107844,1.8211119160404945,1.6,1.347666785879524,3.493034428710535e-07
131.08349990844727,success,0.3737542189696474,0.484972377924617,0.029246798398974008,0.1588293574673345,1.5,1.6,1.353001273184863,1.7423507879419584e-07
129.63741517066956,success,0.379989488187988,0.49316156561931646,0.0,0.18116139178677032,1.8103808574251492,1.5307509561261399,1.2431705509974076,2.0510946019009427e-07
131.643310546875,success,0.39326673331439216,0.4527015308402433,0.0,0.014981236541051823,1.6589126817022886,1.5616306929626629,1.3197498381320578,1.5166079227956223e-07
128.5299162864685,success,0.3838531339694913,0.5,0.09609522217492572,0.3026774783936172,1.5,1.6,1.3862527082376683,2.001694849810609e-07
141.60136771202087,success,0.40363746152251845,0.4594362250452133,0.05714932867886904,0.05136910904362142,1.5028645735825252,1.5726863893986804,1.676656981605608,2.618514877983745e-07
121.16979169845581,success,0.38879226941956824,0.5,0.0013442681190789785,0.2662896058910476,1.5,1.6,1.029345564764118,1.159354217830344e-07
137.45206356048584,success,0.3842606479037781,0.446817428535387,0.0,0.12190656165679656,1.5266911827826357,1.5764766074875889,1.396050995914892,2.4622639818491657e-07
126.97581124305725,success,0.4131457410083036,0.5,0.17228036290845208,0.19575215327787246,1.5,1.6,1.3099515504548342,1.2329247759868868e-07
125.524667263031,success,0.37247761380794986,0.494515533432678,0.0,0.14180518760173777,1.5,1.6,1.2049902155274457,1.2611949071947613e-07
125.97608852386475,success,0.39500574757270546,0.484972377924617,0.06466988119628536,0.1588293574673345,1.6325639764873034,1.497178696972202,1.353001273184863,1.7423507879419584e-07
118.35949850082397,success,0.39393144233161004,0.5,0.05551379409471253,0.0730892344209761,1.7591405990991755,1.5696766307431362,1.0,1.2023570464856638e-07
130.52628898620605,success,0.3887562152149301,0.48577076338713154,0.0,0.21052114078249945,1.5,1.6,1.5311352309247244,1.3229120239974976e-07
144.75893831253052,success,0.3734744901152685,0.5,0.0,0.15216125447902146,1.584953339719768,1.6,1.0805194377958565,1e-07
128.73158192634583,success,0.3829359637069788,0.4616692501557696,0.025411102006691562,0.13144912072445408,1.5,1.5245892407474964,1.3294609932590347,1.9033498140249785e-07
134.95029044151306,success,0.4316846915167427,0.4800460134024429,0.17862036072620252,0.15579344985982482,1.51714952367879,1.6,1.5007636239638436,1.5407209704746348e-07
112.6513659954071,success,0.3971066757845414,0.5,0.0,0.12781692534365072,1.5,1.556072126806399,1.0,1.0323819980486137e-07
171.00955390930176,success,0.3741339093349529,0.49384197686450165,0.0,0.062338798091286965,1.5,1.6,1.1101099051851393,1e-07
131.0812110900879,success,0.39156701017410916,0.49518909000085437,0.11180310298267315,0.2212715771121886,1.72239793960025,1.5871211196181885,1.299870525869752,2.2934009319002473e-07
125.07536029815674,success,0.4658039151791417,0.4967535048833454,0.0,0.029342585830234497,1.5,1.6,1.0,2.3262152407190529e-07
593.9622600078583,success,0.4119565344877839,0.49227756198201067,0.07237615721789847,0.254267789373241,1.5906624959595868,1.5887917949525359,1.4898925922711856,1e-07
613.6429109573364,success,0.4134262503489405,0.5,0.13698085942166385,0.08609547159159289,1.5,1.5932560200113657,1.4058446916583631,1e-07
127.27314448356628,success,0.42941085975974247,0.4776920368891655,0.0,0.19751490361188265,1.5529822990806716,1.6,1.0041357393965282,2.3776050516953014e-07
130.99256348609924,success,0.41322330932870743,0.4698230544478227,0.011986367166626103,0.15973529683597157,1.797771023176575,1.5618683273847647,1.3744451192919849,1.4805259911364568e-07
117.00306963920593,success,0.38488375780273265,0.5,0.0,0.12387507836750397,1.5,1.6,1.0355353117629065,1.0743564135020981e-07
124.42489767074585,success,0.4457270101763391,0.5,0.0819047318195536,0.06677959176476207,1.542356543491189,1.5939407619141652,1.028175155668293,2.3057931342120213e-07
537.3778116703033,success,0.3857387969719874,0.4647499674278246,0.0,0.21683078343871348,1.5,1.6,1.3818052753865984,1e-07
115.30753517150879,success,0.39542021313338827,0.49010452154791734,0.07618006032689163,0.11588003374614017,1.5,1.6,1.0,1.1266833863077685e-07
129.08022618293762,success,0.40691715240581716,0.4989265453174387,0.0,0.16773034145733537,1.7921349403132147,1.5519015313614966,1.4492796819356915,1.4117653754943238e-07
125.02217125892639,success,0.3872958888893548,0.4578386136297855,0.0,0.11457021092214836,1.5,1.5577554176441708,1.2596171788740207,1e-07
125.48126792907715,success,0.3752955022537828,0.5,0.004043805148778845,0.16904016428132718,1.721798281222424,1.6,1.1503632521808707,1.6728454295071744e-07
130.1338348388672,success,0.399858081807244,0.46138872320479046,0.0,0.16953464275037905,1.7315897639012707,1.583411151863853,1.247247356703534,1.214417785074929e-07
124.72692561149597,success,0.3941184749036816,0.5,0.12769900938417425,0.1140757324530965,1.5,1.6,1.1627330743513573,1.3097737973557942e-07
129.72854852676392,success,0.40808549680004164,0.4927593906112986,0.06171296768518897,0.0342640039673775,1.5,1.5112390678558407,1.448327009204657,1e-07
119.5730562210083,success,0.3961362117476428,0.4962716762540575,0.0,0.24934637123609804,1.529911474224599,1.6,1.0,1.7481730317244726e-07
121.11967778205872,success,0.40252319214033505,0.48600309465700553,0.15202456162249786,0.08169821326581307,1.5,1.6,1.1011849262355595,1e-07
128.3219587802887,success,0.3982419464755571,0.5,0.0,0.20191216193766248,1.5066198947350151,1.5711893419827154,1.3087955048193318,2.5254460972123596e-07
559.783326625824,success,0.41487974529349186,0.465494034010851,0.041331363931966035,0.1920398705942678,1.7402793167357327,1.5911146446375193,1.320310664734394,1e-07
122.96904921531677,success,0.40625471167353355,0.5,0.0,0.09157050460920772,1.5,1.6,1.0896697663204973,1.9937437620779567e-07
602.4201757907867,success,0.37405725467109086,0.5,0.0,0.08571807612152169,1.5,1.5964880566370365,1.3521046734670343,1e-07
126.27827954292297,success,0.37986461406846983,0.4779838331649983,0.044841016755374115,0.19789229908195385,1.7467348129375309,1.6,1.057875757587857,2.272905782554304e-07
124.224205493927,success,0.3834954197037693,0.49133584087367266,0.0,0.006527438866387847,1.6382815025859823,1.5217367727945428,1.2154620025033334,1.9355416109976313e-07
123.47118139266968,success,0.38424904531580867,0.49769522599168337,0.07027363540664971,0.2770829363370877,1.5,1.6,1.194518428551558,1e-07
142.35729122161865,success,0.39548181683018035,0.49348691586356197,0.10583502338904612,0.11110161135471769,1.5,1.6,1.0,1e-07
128.72997879981995,success,0.3716347594745366,0.49554415100179405,0.0,0.17250876384875785,1.6387899750699944,1.5426203952397608,1.4335282595015026,2.2078310689468518e-07
129.98417592048645,success,0.38005197810109254,0.4756178104972825,0.0,0.2807615572444243,1.5,1.5083705646004764,1.6001047878792238,2.2726501393331676e-07
129.67485165596008,success,0.4003735355384176,0.5,0.09260082627780973,0.06425597045309141,1.890187804064345,1.5768702258790452,1.2669517311237815,2.1448607265336763e-07
141.95436096191406,success,0.4083974470097177,0.5,0.0,0.1449767903278158,1.5344202023436493,1.6,1.602025512851176,3.7210041600500033e-07
121.81727361679077,success,0.4342353566296567,0.48342837013334955,0.12921276635938606,0.2000407373696999,1.7431597477963394,1.477592877751089,1.2650310061518293,1.3100006931842545e-07
138.6586310863495,success,0.37945600302880594,0.49979280502389545,0.0,0.29558988040095974,1.571521364224106,1.5265349922566367,1.8089482516196584,2.844767528463616e-07
121.81540441513062,success,0.391090962980631,0.49129549697969266,0.10675796312618678,0.04942764729655595,1.7060585859158828,1.558705798222885,1.0581082673833468,1.71350311764828e-07
127.47620725631714,success,0.37778359823198027,0.4930890956059892,0.0,0.3069361679874535,1.7079281371599029,1.6,1.2366247162165176,1.7762653668931194e-07
128.18487644195557,success,0.4350586520353296,0.4979992063975989,0.035863965598402776,0.038081359710062185,1.5696518129800858,1.4488136633407418,1.6304318027864877,2.7442510110598274e-07
135.1476514339447,success,0.41475033475639533,0.5,0.018669121199357725,0.12292238010016357,1.6982037404349506,1.6,1.7344404765515642,1.747497319598055e-07
127.17976808547974,success,0.45532117525965643,0.4637252085604069,0.0,0.22209514759735213,1.5793762097050381,1.4841872631326887,1.132616042451441,2.7894280433735913e-07
126.17992162704468,success,0.44290629434999373,0.5,0.0,0.10237898498796351,1.5,1.5369271990385287,1.1534950035054834,2.3171491350727944e-07
140.40948700904846,success,0.4437551985648357,0.4641599832271986,0.03898234589067059,0.2426385427095522,1.845725324389047,1.548313591440993,1.713561515497522,2.1036703918730993e-07
139.47276282310486,success,0.3983181596868273,0.467066372662139,0.09691285771143399,0.24194255579469778,1.5,1.5745985426590066,1.620060118269976,2.7540902678806184e-07
127.57451009750366,success,0.3901266765759433,0.5,0.0,0.10307497190281792,1.8462657244832639,1.510642247820515,1.2469964007330292,1.7699194851583904e-07
139.64327478408813,success,0.4065844967240039,0.49685058450335395,0.0,0.09562694953754614,1.76009105683824,1.5975352137636603,1.6776682942998749,2.0145313800047044e-07
124.6299512386322,success,0.4502603931966318,0.49423771750023415,0.17299255320482584,0.24939057815996957,1.5174888933017487,1.4877055767158613,1.1893882247031304,2.4196783814782846e-07
121.11384272575378,success,0.45117593300035175,0.5,0.0,0.23833965337240126,1.532820892171973,1.53738747422135,1.0,2.2326783781537898e-07
138.5443229675293,success,0.42227816265865703,0.48362450909221477,0.008652653404340465,0.10667787432511446,1.7447590579680157,1.5478533162581716,1.9107279078212893,2.1832602835692596e-07
121.71832036972046,success,0.3966848251472514,0.48867489101171735,0.0,0.2897836143274589,1.611804034309272,1.474991866502074,1.2827793798444622,1.4992383139921805e-07
138.95265197753906,success,0.4111851942139587,0.5,0.1405644797177563,0.0552339133700568,1.6657759158307166,1.6,1.584277139158543,3.251329680887826e-07
128.13280725479126,success,0.41313929036691316,0.5,0.0,0.05442784084135298,1.7780332634804776,1.5555399011376925,1.5102769980581234,1.237975847365627e-07
135.2857804298401,success,0.4867641519679296,0.4750950234690982,0.10123795433609165,0.2905896868561627,1.5,1.5297008893418291,1.3567795209448819,3.937490411771616e-07
128.23323798179626,success,0.39364326405439126,0.5,0.0,0.0,1.689664953653741,1.5170716861656959,1.4102527666860585,2.640695815462441e-07
134.28719806671143,success,0.3943160068234669,0.47274861983743605,0.00932898692205089,0.39760852814484127,1.5879149964862478,1.5681691043138257,1.4568037523169468,1.8459218212353506e-07
133.63133573532104,success,0.3769218192343552,0.5,0.0,0.07122370185808008,1.5,1.5687422815494747,1.7331090999226382,2.42405588732937e-07
125.67572712898254,success,0.40193035303339647,0.48923809813790625,0.15296044437363732,0.2737938258394356,1.7853162348337461,1.516498508930047,1.1339474190803671,2.0108934181287997e-07
131.8835699558258,success,0.40230899594197767,0.492831307305815,0.0,0.14418558022352124,1.5,1.5388011425080639,1.6502584419227109,1e-07
135.04375553131104,success,0.4702438946092811,0.4982569946977731,0.03598489665084963,0.20083194747399447,1.7853338745653629,1.5464396479714577,1.2167980770802944,4.886072794776298e-07
123.56311655044556,success,0.37484139142740586,0.4875361545426464,0.0,0.10870996305336786,1.5112455057195076,1.5868924000933355,1.205679537601918,1.101736280600194e-07
140.41770148277283,success,0.421480147797853,0.5,0.027730429590377446,0.23630756464414784,1.7663344444204812,1.498348390386186,1.6613769814010872,4.4243963957976414e-07
132.93543457984924,success,0.40196557347740414,0.5,0.0,0.05305316886516255,1.708333481919898,1.596031728306111,1.4495813649015918,1.0738201418108876e-07
135.58944630622864,success,0.5015518657295539,0.4867943103073092,0.04485801028543395,0.29196435883235317,1.5692464682200906,1.4892090621734106,1.4174751541014134,4.5394175795460716e-07
138.19532752037048,success,0.3858818621838901,0.4872305552883248,0.0,0.34429421176147323,1.5691897909110875,1.556782034336047,1.6364239192982453,3.195444925566333e-07
123.1711151599884,success,0.4089417249147023,0.5,0.12437882319841649,0.0007233159360424679,1.708390159228901,1.5284587561434746,1.2306325997047602,1.5254583141166422e-07
137.54015827178955,success,0.3868532254933075,0.5,0.0,0.1752396576599031,1.8747185905365764,1.5463620836385867,1.4777368418022179,3.93098156512968e-07
126.07942390441895,success,0.4154710876410051,0.4866363977141237,0.13516563649278157,0.1697778700376126,1.5,1.5388787068409349,1.3893196772007874,1.240025664899345e-07
135.442715883255,success,0.37948503709526205,0.4692960199504317,0.0,0.33211586909192187,1.5,1.5675126964713462,1.4660876803799385,1.8661664026455907e-07
147.96107578277588,success,0.4156381643505638,0.499837428984399,0.18317324138509813,0.7136758708855406,1.543740808213366,1.5916912886679013,1.8126597521515366,4.433078189046314e-07
141.7556972503662,success,0.46711243355691373,0.49326520224503123,0.14819065902111417,0.7518206180446236,1.8119340313526242,1.5094689226029518,1.805671336493045,3.31295414322785e-07
141.95961356163025,success,0.47315349918379435,0.5,0.21571412238265034,0.6862707102243072,1.538519503436269,1.4754643324818377,1.859598279414112,5.939246079590675e-07
5400.018788099289,success,0.3771949580657345,0.4320959442180221,0.20398032769666197,0.6945383587789651,1.9180941250618573,1.581238750387033,1.6727360816783323,3.876871319944915e-06
174.16515970230103,success,0.5199919280425076,0.4074479149635004,0.12398457938928065,0.545506726421128,1.9748736648968912,1.481501057629587,1.6424292201767603,3.999910096939967e-06
179.93222451210022,success,0.5414469010005817,0.45337482234992355,0.19464155129028143,0.7329328705112649,1.8718784603589906,1.555154397051613,2.114624571912813,4e-06
172.3185498714447,success,0.5651240863114282,0.4111101980084454,0.4442578037572822,0.8069130127038716,1.800571319619966,1.4559623949602525,2.199230457628302,2.5780266503516407e-06
145.1156346797943,success,0.5401137710903889,0.4216748264763601,0.15261302385562742,0.47174419203533136,2.0363675605050906,1.5527922401902345,1.6170299480680395,2.0102074923580103e-07
161.43719673156738,success,0.5123142385310155,0.3914064828335274,0.22795727712734926,0.6578507096779818,1.7456981700814505,1.4341496674352667,2.048730438262511,9.435369084803543e-07
174.41489434242249,success,0.544732617335398,0.47215213921246263,0.5033695826501694,0.06521189444567965,2.1023117967763034,1.5974644742542903,1.0143635187810458,3.841324832810199e-06
163.60969805717468,success,0.808496870864104,0.33892147353990976,0.7058218629370382,0.5282698970791966,2.5781957278144048,1.252627476815388,2.441750769544864,3.957247286149876e-07
147.39667463302612,success,0.4758626931989288,0.48395776732424345,0.19653093408761216,0.7017078531669122,1.504939161463251,1.562431550713765,1.8920808895888999,7.847314576629407e-07
150.47376894950867,success,0.4243465252241551,0.4437515331784476,0.24084728921794216,0.84233016565659,1.671827819518079,1.5088507776944693,1.726425994207101,4.6179868789394816e-07
141.39557886123657,success,0.5001503412297651,0.4754125939511001,0.27943844928356265,0.9017411407801613,1.7668517332451492,1.5380181884184168,1.6574383506470798,2.4041044251664254e-07
134.24448442459106,success,0.4907817538408146,0.4440291256418214,0.0786711555765498,0.856635668702756,1.693786253973219,1.5072290674941728,1.5099598912418215,1.8537108948480926e-07
155.87734651565552,success,0.5035579762490763,0.4260588588917855,0.40811441804566906,0.8564528847858381,1.8747796915642747,1.544394096613901,1.7488449041018228,4.2619781424352446e-07
149.06468725204468,success,0.4768229190663448,0.39010166987400374,0.25385839795665505,0.8107842208599683,1.63492071339897,1.3690817500620986,2.0485583158776204,4.3250816729871334e-07
137.5947585105896,success,0.47731606194511167,0.39302834964763883,0.11613623285671898,0.7713369664907008,1.5,1.3390028423575637,1.8988688562516853,2.554521107771218e-07
160.4004647731781,success,0.4819346719826062,0.38717499010036865,0.3915805630565911,0.8502314752292357,1.8452727678608747,1.3991606577666336,2.1982477755035554,7.322833004237798e-07
151.3572986125946,success,0.5048282261836557,0.38821693756844056,0.14622439772105478,0.7963942528816517,1.5,1.3304416910843742,2.4536558987925803,4.85865669954614e-07
147.5241916179657,success,0.4684652855242122,0.391986402179567,0.3614923981922553,0.8251741888382849,1.7858651601145934,1.4077218090398231,1.6434607329626605,3.8501035645833106e-07
153.00770592689514,success,0.46667904747144,0.447948134965112,0.08663879962551327,0.969076184701843,1.8980795840348632,1.4609882340718718,1.4368151848263753,1.362460072673831e-06
152.67464685440063,success,0.42728569821219065,0.4623729947373666,0.15889171213768216,1.0,2.172174147545574,1.5220539356301495,1.350181414130406,1.4070307520425581e-06
152.37029933929443,success,0.4683094131575058,0.447948134965112,0.08663879962551325,0.9034656650276273,1.8980795840348632,1.4609882340718718,1.4368151848263753,1.362460072673831e-06
163.49922394752502,success,0.4266218529049808,0.4513977634153538,0.30275345523389874,1.0,2.226715152715982,1.5116481862681959,1.6152374746933806,1.147073606853049e-06
136.19118332862854,success,0.424207464330924,0.4260668586389451,0.10677846375676807,0.8473190882628335,1.5,1.5779108812212033,1.27605656759138,2.176659355188632e-07
135.02303338050842,success,0.498616886249832,0.4440291256418214,0.0786711555765498,0.856635668702756,1.73953215701393,1.507229067494173,1.5099598912418215,1.8537108948480926e-07
152.6134033203125,success,0.42722968061423516,0.40459825490052087,0.03268098435438756,0.857744255803096,1.5,1.5844229336710691,1.5835021681290007,3.82821451349616e-07
125.62318706512451,success,0.4495056184438444,0.4475354623773693,0.18087594315914857,0.8368939207225711,1.6127668568642464,1.5713988287713374,1.0,1.2376124513992556e-07
145.21475100517273,success,0.44939415738474864,0.420751659212671,0.19402815901572595,0.6534367122845235,1.5,1.6,1.533558376746852,2.618398808806005e-07
126.08541107177734,success,0.4566962085422849,0.43138205806521923,0.01952876849781017,1.0,1.5008063631458939,1.5425383812952267,1.018554758435908,1.8094439749194122e-07
519.230012178421,success,0.47035538388145404,0.44058701855428667,0.20400241724468487,0.9575957521951066,1.5,1.563485439430843,1.2122896953896343,1.0484638490715103e-07
151.88394236564636,success,0.43371459322414296,0.41154669872360355,0.009554510268851277,0.7370424243305604,1.5680073720201324,1.5923363230115635,1.3398234397931257,4.518845311381879e-07
137.55436515808105,success,0.4887589182697939,0.4066907462382334,0.014773477326928866,0.918693196974539,1.5,1.5030379284821787,1.4495413124216603,1.4196431111295174e-07
141.80886793136597,success,0.4189839426546683,0.4454429710396568,0.19878345018660726,0.7759449795511281,1.5910420918688075,1.6,1.1025718227610997,3.337350008172545e-07
143.55809330940247,success,0.4246725259482176,0.4783196706095005,0.35559411479049924,0.6507872283602274,2.1482347192401416,1.4820669142844107,1.220842970449205,7.873638248639816e-07
142.0146849155426,success,0.43156393937595466,0.4436417889854749,0.3843799340393358,0.6263096655468467,2.1229161276998516,1.391545609439244,1.1488195507436527,6.208231388532549e-07
147.60823345184326,success,0.4203478821317297,0.5,0.3268082955416627,0.675264791173608,2.1735533107804317,1.5725882191295775,1.2928663901547572,9.985803587307586e-07
155.93823289871216,success,0.4476119309983211,0.5,0.32501590375620915,0.6050558609447946,2.3459354802492065,1.5672624210369728,1.7354603924032908,9.11235793370873e-07
158.6808352470398,success,0.4953044617309866,0.41209047240579516,0.20225612915232166,0.7829191905330187,1.5768039057910086,1.4796833669705218,1.7954136377671222,8.870580907724477e-07
167.8037805557251,success,0.5914692508223934,0.4557855587635732,0.18702235057458227,0.7101604506441832,1.6490584487840647,1.5613001959314086,1.746885457629444,2.812246397972459e-06
143.00505208969116,success,0.5080143947306197,0.4907069056037603,0.3286006873271162,0.7454737214024215,2.001171141311657,1.5779140172221822,1.0,1.0942971512939738e-06
148.2671582698822,success,0.5436469517292644,0.42701762410710437,0.04282731258563183,0.566206388721437,1.8730141936414728,1.517409364450211,2.030206842841832,2.430506449486389e-07
159.741149187088,success,0.5040334098505083,0.389763138228765,0.4705728087830532,0.9954595806084985,1.746444074757778,1.2267443421725417,1.5527951522907195,1.0459883296283497e-06
180.320148229599,success,0.5294222465507809,0.4108170660861207,0.2133191041030425,0.6561438470466653,1.964309789764724,1.6,1.2308475914438513,3.0161368673576455e-06
179.77391505241394,success,0.5819463171084392,0.46429799935459865,0.1297443457220527,0.7443796166830932,1.7181266605074477,1.6,1.736987057915123,4e-06
144.017156124115,success,0.42714875498190874,0.47636558120422656,0.35733476008747955,0.6246602629965351,2.175382365199971,1.4998550670632316,1.1879026099502754,8.355449471680406e-07
151.0626199245453,success,0.42433586406090484,0.4398590646277466,0.20750291972980422,0.5834971858980977,2.2261196015829032,1.4561669015366998,1.24492093762145,6.839263716830702e-07
137.64512085914612,success,0.5064351909383022,0.4866103372247091,0.28577172851034455,0.6809082594373471,2.500028110863475,1.4243041571714437,1.2527760487784771,3.480566910423768e-07
164.95225167274475,success,0.4226737275032266,0.4413017700693639,0.18850564073803716,0.8615817792171061,2.1752067767337055,1.471978121710237,1.7078216631375485,1.6392036266561013e-06
156.92879343032837,success,0.42546081676931263,0.4279177969006815,0.2588526291093519,0.7373913008826029,2.325753247910018,1.4539124600990285,1.3776476853606971,1.2170157311881903e-06
167.89921474456787,success,0.44830230626100914,0.4546857432380463,0.11815865236672242,0.9857722575516094,2.024660305557393,1.4900437833214455,2.0379956409143998,2.207850285566292e-06
158.83506155014038,success,0.4425261884965157,0.45949337255389977,0.10338000907242426,0.712831535280977,2.143815548535031,1.42149270441969,2.0022775096715595,1.6800419702969708e-06
171.70717215538025,success,0.42842961009900543,0.423110167584828,0.27363127240365004,1.0,2.20659800493238,1.5224635390007841,1.4133658166035374,1.5993579786388034e-06
175.0718491077423,success,0.4477779807075956,0.41921642554284866,0.3594803595885656,0.8639968060144793,2.4022786064482,1.4936642090822523,1.8293231309876221,1.6940787058827925e-06
154.2383348941803,success,0.4586206205821557,0.4633871145958791,0.017530921887508738,0.859166752419733,1.9481349470192109,1.4502920343382217,1.5863201952874748,1.586106076601862e-06
162.45088076591492,success,0.42462644664252946,0.4477253470019772,0.0,0.9402578856777446,2.3847911615444066,1.4759760538758804,1.611038395031503,1.3460686343154834e-06
153.1286277770996,success,0.5712589931237436,0.4373810181129161,0.017055268623994535,0.8974319527890396,1.5946595088942424,1.3756791501888195,1.6979035703602932,1.9301069140991417e-06
172.92130708694458,success,0.42559568737727727,0.45371197794602824,0.10925183064889848,0.922709411662652,2.4082602509964444,1.5624722822115198,1.4576690094490738,2.9762385131397162e-06
5400.0199592113495,success,0.3115764074978802,0.44206511993557357,0.021792216963981162,0.855505718994525,2.3510910979014152,1.6,1.6115751408397956,4e-06
162.8547718524933,success,0.41343691828657536,0.45371197794602824,0.10925183064889848,0.922709411662652,2.4082602509964444,1.5134750517837854,1.457669009449074,2.468453376709439e-06
177.67390394210815,success,0.45732195294635486,0.44674862969009904,0.0,0.7222503776235181,2.3052547337111395,1.5292309876773595,1.6306857760903795,3.1982751521813976e-06
5400.018093824387,success,0.3139149943084497,0.4373816101810481,0.1859863107993845,0.9887610603655319,2.396927462091691,1.6,1.5924645055892117,4e-06
186.90424990653992,success,0.47579094304189085,0.43304209733022014,0.09634631942640738,0.7163571298219983,2.2663790326179987,1.5918436376006573,1.3746227437917375,4e-06
186.69305205345154,success,0.44209475644752866,0.45108814254092705,0.0,0.9946543081670517,2.435803163184832,1.6,1.8485275378878536,2.2180505559135126e-06
173.4763925075531,success,0.46752765039004907,0.4800896402022412,0.0,0.7178232206393796,2.2207956800054536,1.6,1.4974394730720875,4e-06
5400.019551992416,success,0.3275332176626455,0.40404059966890593,0.0639383097638826,0.9931882173496703,2.481386515797377,1.5768637364881097,1.7257108086075037,3.80818644368827e-06
183.78298950195312,success,0.43885776049559677,0.4264045197335321,0.0,0.8172715527603489,2.507540092227087,1.5906901431598404,1.2877188570647642,4e-06
175.50875616073608,success,0.4288636726739483,0.45772572013761503,0.10252142379635608,0.8937398852287011,2.1946421035757435,1.6,1.935431424614827,2.423747674121688e-06
190.75875115394592,success,0.46722969272359444,0.4044871081946796,0.10860263165591749,0.883637686201061,2.5113426682187923,1.540054971548001,1.5962637568415703,3.6760838779464917e-06
178.22633028030396,success,0.46287882957724014,0.4796431316764676,0.0,0.827373751787989,2.190839527584038,1.6,1.6268865248380209,4e-06
174.86834025382996,success,0.4657445573697747,0.46818211161400447,0.0,0.7548558945756546,2.207721285727437,1.5790187157681412,1.7173344534588484,4e-06
184.43260884284973,success,0.42555767566413916,0.41594812825714267,0.04553725079589918,0.9561555434133954,2.4944609100753934,1.6,1.5058158282207428,2.1444362789300573e-06
194.9066174030304,success,0.42653951890363556,0.43599329145877597,0.16700324940279965,0.9071210445749583,2.6209728898308864,1.6,1.4562494612519854,3.1214929951949965e-06
180.82744550704956,success,0.4865319740606574,0.44813694841237117,0.0,0.8038903934140916,2.081209305971944,1.5754762616280877,1.7669008204276058,4e-06
175.66836285591125,success,0.4533998765308977,0.44992488694918664,0.19938701884913423,0.8554994602469808,2.3420591503398245,1.5085054118279166,1.5123517811341947,4e-06
5400.020642995834,success,0.32110832893727587,0.4342053529219605,0.0,0.8555119777420692,2.360123045463006,1.6,1.7107985005453965,3.5737407142405403e-06
205.57086062431335,success,0.5013907426646571,0.4049339652111717,0.0,0.7503132643570167,2.3017116505236137,1.6,1.651151781191015,3.5532625233587566e-06
176.37174892425537,success,0.4396821602202205,0.4791962746599755,0.16130755411675218,0.9606981736320332,2.4004705452792168,1.57502001381311,1.5719985004885761,4e-06
202.1258602142334,success,0.4470904760214943,0.43908836839766296,0.11204916206876718,1.0,2.4481074843872914,1.6,1.6054016052258726,4e-06
180.7859663963318,success,0.47600717654361946,0.4450418714734842,0.0,0.6476757077777211,2.254074711415539,1.5456111944983144,1.6177486764537186,3.3369834412287666e-06
173.60995960235596,success,0.432967922194023,0.4328209791664261,0.14564737603425523,0.9258493569380457,2.250695710862395,1.5744668581210175,1.4044353159623544,2.116809666838888e-06
194.85970950126648,success,0.45963339631608957,0.45130926070472105,0.0,0.7851620810510043,2.4514864849404354,1.6,1.8187149657172368,4e-06
176.88918709754944,success,0.46876110390580816,0.46720906263598205,0.02764900933962534,0.7079734114923362,2.2366201064100197,1.5664597639298317,1.6395585732263236,4e-06
196.15747714042664,success,0.4323517266268199,0.4169211772351651,0.015935424588336983,1.0,2.4655620893928107,1.6,1.5835917084532676,2.317990522549991e-06
189.38738632202148,success,0.49242790813621024,0.43820465366323635,0.16946005820627852,0.7116102299601899,2.271047399035167,1.5419948426761887,1.8194446024988558,4e-06
185.944167137146,success,0.43663935862500736,0.4459255862079108,0.0,0.9994012080288601,2.4311347967676635,1.6,1.4037056791807354,3.960215376682812e-06
196.85466146469116,success,0.4534769298530927,0.4129713312202979,0.0,0.9585413686477293,2.503593434568919,1.6,1.5258022948260759,4e-06
171.3684115409851,success,0.43450289555067007,0.47115890865084925,0.0731102784426064,0.7524700693413207,2.1985887612339114,1.5786293496382542,1.6973479868535153,2.326378222368639e-06
191.2997899055481,success,0.4758356920468548,0.4399403950199877,0.0,0.7350816691157824,2.220580009741481,1.6,1.5091076812982969,4e-06
5400.018623828888,success,0.35581568906076094,0.4441898448511594,0.052848557903906024,0.9759297688732675,2.4816021860613495,1.5783071718145762,1.7140426003812943,1.8723916961856599e-06
207.92501640319824,success,0.48813244375028164,0.4337518245102741,0.1298931884824664,0.6625777672689505,2.4696549620665396,1.6,1.5984539648495237,4e-06
179.6776659488678,success,0.4404385504671422,0.45037841536087303,0.0,1.0,2.2325272337362914,1.5586832872267544,1.6246963168300674,2.9884427490221847e-06
201.0117416381836,success,0.5080374114667712,0.4139251269568722,0.01022616820495661,0.8061933538657112,2.0947613330373156,1.5898080735647242,1.8692068005684066,3.479725465366391e-06
182.37977647781372,success,0.4142192884722288,0.4702051129142749,0.033358265723005716,0.9048180841233388,2.607420862765515,1.6,1.3539434811111846,4e-06
197.3081934452057,success,0.4793305248019683,0.44679133501628937,0.16258638830930122,0.9188358517473193,2.173175093625664,1.6,1.8630348132177699,4e-06
178.27954959869385,success,0.43291023615412805,0.43733890485485777,0.0,0.7921755862417307,2.5290071021771663,1.5377320448569345,1.3601154684618213,3.7859903204813704e-06
183.68344855308533,success,0.4644587969628968,0.4380320099345259,0.0,0.8590289739174342,2.242026901889672,1.6,1.3728180641023204,4e-06
186.83612251281738,success,0.4506877370797463,0.44609822993662124,0.16757476121948894,0.8519824640716158,2.4601552939131586,1.5152628850925223,1.8503322175772707,3.879315372007218e-06
191.49950885772705,success,0.47787124005056913,0.4346993400053516,0.09296547985882288,0.9128255885643927,2.1909210742186507,1.562045888073882,2.0265529257090855,4e-06
170.9589056968689,success,0.4303847140995007,0.44943089986579554,0.0,0.7981858494246573,2.51126112158418,1.6,1.1965973559705056,3.872789020718614e-06
192.36291551589966,success,0.4967605546414517,0.4149612186655455,0.0,0.797591195526669,2.147181548423319,1.6,1.658610766881997,4e-06
174.50305891036987,success,0.4043676820966381,0.4691690212056017,0.10433618830607601,0.913420242462381,2.5550006473795115,1.536034855784905,1.5645395147975942,3.0009832369537975e-06
222.51753091812134,success,0.47490487521801356,0.4194217496494659,0.0,0.8636032751829292,2.448873575251822,1.6,1.7151916150907176,4e-06
168.0021629333496,success,0.45035916391125913,0.46470849022168126,0.08536400224418268,0.8474081628061207,2.2533086205510084,1.494721404366936,1.5079586665888736,3.419457058917105e-06
147.35286283493042,success,0.4357305841264415,0.482742939383515,0.15063236038754593,0.7410810315467741,1.5489621129904627,1.6,1.7657212248889613,3.3088681571437e-07
139.79916262626648,success,0.46575362764245126,0.5,0.2760803895162527,0.5859819028297697,1.5,1.5531062763666643,1.4707478308841888,4.6936095406449434e-07
153.22596383094788,success,0.4739162248576081,0.48773898506597574,0.0902660932539436,0.8413698389413116,1.6597596530521836,1.6,2.1545716734188844,4.1870083269640186e-07
150.9301860332489,success,0.5114440258500488,0.49169354806098736,0.32868345876212823,0.7483525148866735,1.5509349344275225,1.555734572553204,1.6837125902212027,8.979655737016934e-07
143.5214078426361,success,0.450949727888865,0.5,0.03766302400806806,0.6789992268844077,1.5365466819992093,1.6,1.9416069140818706,2.1885229017395108e-07
146.12679314613342,success,0.4723272833514362,0.5,0.2586529866344871,0.7824386459040745,1.581551922575147,1.5344550148482052,1.8772497385752502,8.364630935691038e-07
142.1177363395691,success,0.4316492226583408,0.4752057731243357,0.10769349613570918,0.6449130958670067,1.5059296938515847,1.6,1.748069765727823,2.349438054265402e-07
5400.018770933151,success,0.31200704397028844,0.45005154649436774,0.05899575395514692,1.0,2.438198323370884,1.6,1.548329096247182,2.888437828984173e-06
191.00686717033386,success,0.49658822257454377,0.4340786933767794,0.0,0.6230904378213961,2.2639838724319463,1.5854878350020398,1.674821185432409,4e-06
189.41661262512207,success,0.45960917534876866,0.43705877638488766,0.19338666496930162,1.0,2.305334090419753,1.5710872109021652,1.5564029894832299,3.5275573133289562e-06
5400.019195318222,success,0.3221776244375074,0.4470714634862595,0.0,0.6718415935918531,2.3968481053830777,1.6,1.6667472921963613,4e-06
189.09198665618896,success,0.4643990005885398,0.4204211162142128,0.2154279844877165,0.9511987345526061,2.3170289266981277,1.6,1.4419447130037195,3.2053325604825005e-06
5400.016805171967,success,0.3146199847275639,0.4637091236569344,0.0,0.7598127034364439,2.385153269104703,1.591021661923103,1.7812055686758717,4e-06
181.93667244911194,success,0.4535217102122492,0.4477457399525201,0.0,1.0,2.29446294748388,1.6,1.5363443075261132,4e-06
185.99295377731323,success,0.4765933190804368,0.43638449991862704,0.1615132927598431,0.6698165836762399,2.4077192483189505,1.5600733820012929,1.686805974153478,3.0076865126519627e-06
5400.0191967487335,success,0.3368942203365604,0.4362067418107073,0.11980873253409843,0.7483256741549739,2.286544679960759,1.6,1.7505697658919073,2.4189873412220914e-06
177.4241304397583,success,0.42964427213133777,0.44792349806043985,0.0,0.9626857638340761,2.4156375158420715,1.5245400934380715,1.472580515787684,4e-06
181.08614873886108,success,0.5288134926206443,0.3998938890814456,0.2782163096712712,0.644697100874837,2.118061589616267,1.5269278577535126,1.6084851054415417,2.9505921698871912e-06
198.15330052375793,success,0.4648184755161819,0.4340700956987842,0.0,1.0,2.2573972888729927,1.6,1.6641465493181644,4e-06
5400.018864870071,success,0.32199121566167904,0.450060144172363,0.06851037754897568,0.6951368050610471,2.4447849069298377,1.5813980496514783,1.5590037323614268,2.015508257349678e-06
180.4786205291748,success,0.4691201181926788,0.473652904381581,0.010648820984447789,0.8433216980344653,2.134728232261846,1.6,1.7436527276706237,4e-06
188.69548964500427,success,0.43865896244164904,0.41047733548956616,0.03293561294351453,0.8676897399545846,2.5674539635409843,1.5956062980021566,1.4794975540089674,2.388488567085448e-06
177.42119216918945,success,0.4501117457377487,0.43491521359619767,0.0,0.7290006415838073,2.3980439884471725,1.494886789778098,1.4852865316508428,4e-06
144.9187569618225,success,0.4412146596479739,0.48492644162983284,0.3540218273307034,0.5960154485478135,2.3572978844327146,1.4851973647110563,1.1209500715315357,1.273846560377504e-06
5400.019177913666,success,0.3156914030719479,0.44921502627494947,0.0703874394080285,0.9820107964052427,2.304138207355658,1.6,1.7378637500287484,3.521144639292462e-06
178.3243613243103,success,0.4476574274652947,0.4828159198929166,0.16099977335449012,0.8576992151476871,2.375687466232115,1.5831016252615675,1.4395594605005253,3.755517417970789e-06
158.88330340385437,success,0.49139239409578006,0.4218530888707473,0.07456566222420671,0.7694027220962023,1.7849201211922383,1.5555965509437581,1.930346513087073,4.3707405262652387e-07
5400.019126415253,success,0.33384998681471634,0.4013143199782306,0.0,0.8533122228413629,2.3264947295707157,1.6,1.7835908211790659,4e-06
187.4907350540161,success,0.4726753356184593,0.41932821299963435,0.0,0.8997574428749208,2.199206523781313,1.6,1.41643049316734,4e-06
190.8451545238495,success,0.4310893312186257,0.4648020268715128,0.17137618585185938,0.8112539951141292,2.502975672021517,1.5533893044609561,1.8067197885122512,3.1424263099837168e-06
170.86141657829285,success,0.4325435203033481,0.44104379891054835,0.0,0.817219175674453,2.412967507493369,1.509773071466892,1.308017623060126,4e-06
5400.018858194351,success,0.34193599913414896,0.4430864409605988,0.08852925413060402,0.893792262314597,2.2892146883094613,1.6,1.9151326586194652,2.954036362020565e-06
172.80215859413147,success,0.4595761365627808,0.4567162749376623,0.119651519956712,0.8247626413844068,2.113743243215288,1.5427757707459002,1.7511245933458508,2.7115265218828906e-06
5400.018738031387,success,0.30115401637261585,0.4274139649334848,0.0,0.8862487966046432,2.5884389525875426,1.6,1.4720256883337404,4e-06
140.30376839637756,success,0.4786540549616728,0.46564997748614795,0.40712891621167757,0.9152576092169777,1.5587355178439195,1.4621050044451804,1.522505475327129,4.879219593545614e-07
147.26686716079712,success,0.4484733453885314,0.4514069807162418,0.22126861202736017,1.0,1.6349592258265375,1.4522316092877061,1.9213455644905009,5.396052475625045e-07
151.92444491386414,success,0.4304947895889245,0.43609608564065344,0.2604259664085241,0.6338970681311062,1.7086964132096203,1.5654699461012325,1.531506423923701,3.9521118281169e-07
151.41912603378296,success,0.44646822574421136,0.46595047421839864,0.41533253909440093,0.7685513411172743,1.636478016061972,1.4975836365174078,2.0087682659685835,5.125612445690828e-07
148.8033664226532,success,0.41315344307079804,0.4215525921384966,0.06636203934148335,0.9161089901959057,1.7071776229741857,1.5201179188715308,1.4440837224456184,4.1606350538629016e-07
140.80087661743164,success,0.4196603307280581,0.45257862252680814,0.0,0.7421218559403684,1.8255533716355263,1.4908045725169545,1.4901589109636586,4.076998372355838e-07
153.22886896133423,success,0.4403829256458683,0.3905265617501851,0.14009853570272285,1.0,1.5888018743128451,1.549431265226107,1.3980085339275783,4.245987481577014e-07
146.9738461971283,success,0.4326057911260788,0.4110646829681527,0.1401204658066518,0.9697725064257925,1.5,1.5557042292480743,1.4327124961125066,3.3397121523331674e-07
150.81868934631348,success,0.43420797900363767,0.43204050130884053,0.0,0.862445473966019,2.0435336241234467,1.4845316084949873,1.4554549487787303,5.183346127401769e-07
143.74318838119507,success,0.42878834558841517,0.41844404912089417,0.22752627062762454,0.8432352466433177,1.5,1.481970680205094,1.6110434777868097,3.3541131631449255e-07
150.4318118095398,success,0.4045294493691515,0.5,0.29959476375262195,0.7545141337994026,1.9898087371281485,1.6,1.4647827087779788,7.827965815186891e-07
144.2604660987854,success,0.40907847849262813,0.5,0.1746762026223791,0.7319242838225287,2.0211580559169207,1.4961433778349036,1.60490902921878,6.156192748247592e-07
152.1748116016388,success,0.45958121146964326,0.4932083900495243,0.4245133248828648,0.7771039837762764,1.9584594183393764,1.6,1.3246563883371776,9.953724860414351e-07
154.58998823165894,success,0.4351831954576199,0.47359554468985066,0.2802158640088811,0.9170405129510625,1.8867447779305433,1.5768631774675987,1.6187290771761227,5.140880778541993e-07
146.16401267051697,success,0.42714875498190874,0.47636558120422656,0.35733476008747955,0.6246602629965351,2.175382365199971,1.4998550670632316,1.1879026099502754,8.355449471680408e-07
154.35538721084595,success,0.42186133043314517,0.42466113515609905,0.0,0.9889827337484938,1.9310350176965305,1.5582651575379676,1.2771239671044272,5.161091236170906e-07
155.07653546333313,success,0.4459390514383703,0.5,0.3189736634963628,0.5919877546477427,2.092872696325754,1.6,1.3108363403798349,1.1919562316929163e-06
173.40460801124573,success,0.4574787717271239,0.4134898839796723,0.19140734948428179,0.8596444602279931,2.2272408345840686,1.5347164786161485,1.830984952545235,1.3351405124598099e-06
139.5500738620758,success,0.5452622645368508,0.4002345294066433,0.1325329224305429,0.9239674409043701,1.8227710997028121,1.5011468236065073,1.4576025450958405,1.8735977899426156e-07
154.78603291511536,success,0.5029099704814685,0.35503703609595405,0.28789589098774965,0.76509137911201,1.6385117005044434,1.389790628873682,1.8954689203397055,3.927132343088551e-07
154.6830177307129,success,0.5380180835319979,0.4402588795058525,0.580685045854061,0.7719555441278535,2.0506207589480123,1.4616792740755047,1.958282124144735,4.822573906981882e-07
153.21447324752808,success,0.5067735963929596,0.4899919702852029,0.2996664844128933,0.7937415785776134,2.2466117373010803,1.553091256711263,1.6516420866817898,4.7005183678010733e-07
163.6035511493683,success,0.5606437866878649,0.43091344109290725,0.2716485152188698,0.41820105405542163,1.948978724860071,1.41330589581409,2.782057843961328,1.7320168118936424e-06
218.60216879844666,success,0.7506955698716875,0.3005266438532236,0.796105530370264,0.7477476834707392,2.3551945076035454,1.5781546427634905,2.1669071999641885,2.3776496113351197e-06
145.96088218688965,success,0.4806707031760423,0.4651291528384257,0.4025526830370713,0.9246536847835387,1.7153536858974192,1.526486954669208,1.3506779921106493,6.717366870327907e-07
151.11297583580017,success,0.5034099090801544,0.44287065487034993,0.00019115625242380196,0.9082505394874414,1.591584146245559,1.5390890141365543,1.4305648997953964,9.239381122435539e-07
146.165589094162,success,0.42070366652210944,0.4780544854121962,0.3237976890438961,0.6470604620764628,2.158962647963988,1.4854926521681089,1.166946292995843,7.498665931913728e-07
142.05653738975525,success,0.43680582087073627,0.4857840685244818,0.4341538153843666,0.8163603968199235,2.205400899536497,1.5230821874291796,1.1548019217295948,4.39261329906986e-07
150.7737376689911,success,0.4897085656131838,0.4703249022999106,0.2134415627034256,0.4777605273330022,2.1125243963914797,1.4479031169070382,1.179090664262091,1.280103367404327e-06
150.31455874443054,success,0.44783911943444976,0.45582359651013044,0.39358561548050414,0.8120485103300197,2.1461985986361753,1.5500948654025763,1.046443664900618,9.773048147182048e-07
137.4040243625641,success,0.4227466692289348,0.5,0.2540097626072881,0.48207241382290605,2.171726697291801,1.4208904389336414,1.287448921091068,5.753577585173043e-07
147.61107563972473,success,0.4949088432656177,0.5,0.34462182615791237,0.690676169795361,2.1096646619211876,1.4879581785787481,1.1594156961391462,1.596860672562463e-06
143.9154713153839,success,0.45372585959294504,0.4467137516084471,0.30297355192987985,0.6034447543575647,2.2082606340067885,1.4830271257574696,1.1744768898525397,3.5212834610180473e-07
145.70738697052002,success,0.4553885380182027,0.44413745513467706,0.42390939647349407,0.6980020597768433,1.9479446400342524,1.4745369203110976,1.026014405192046,6.049807509153247e-07
146.45232343673706,success,0.4080813565237014,0.5,0.22368598161429815,0.5961188643760824,2.3699806558937238,1.4964483840251201,1.3078781807996398,9.294509068820557e-07
148.62349009513855,success,0.3973293864207308,0.499795154914611,0.00682293511017712,0.6431729111480119,2.3340575841325912,1.563919266931102,1.2240066491884583,8.806394990866494e-07
152.1775417327881,success,0.4210698246444642,0.5,0.01365733529553423,0.6798884354480026,2.3898880676106335,1.523207007055152,1.55828733906077,9.010425825427081e-07
150.224844455719,success,0.4037987007594418,0.4636756255003384,0.0,0.6064573868480212,2.2782271006545485,1.6,1.0,8.606984202267996e-07
140.1415936946869,success,0.3910911621751997,0.5,0.03564323139759004,0.7238899401625405,2.492523369957185,1.4776644393832175,1.173397533038163,7.744582425264292e-07
146.06584429740906,success,0.5551816333947499,0.5,0.2995230430923506,0.7152866890211917,1.7330057369552168,1.6,1.2779233308741678,1.303623217887782e-06
152.11857533454895,success,0.4052852879074543,0.47180036957086574,0.00682293511017712,0.6431729111480119,2.3340575841325912,1.563919266931102,1.2240066491884583,8.806394990866494e-07
151.81983399391174,success,0.4815509253743987,0.45643634809852685,0.31441677781022154,0.6078290889895639,2.216005330392972,1.4941053210602455,1.6753971349935444,5.263162076478978e-07
135.89598321914673,success,0.42326031179440515,0.46971616501103397,0.2087459270601174,0.8072603368160146,1.5833022787257816,1.4484942290231,1.5449388766537557,2.772977834141063e-07
135.64269018173218,success,0.46484673423861106,0.47253784615947114,0.38824481778113473,0.9495887767821498,1.505575691946041,1.430651241627055,1.7677432273766764,3.107759209440882e-07
127.72928500175476,success,0.40705792511322164,0.4668944838625968,0.029247036339100113,0.6649318968498794,1.661028865505522,1.466337216419145,1.322134525930835,2.4742605686046903e-07
123.62701797485352,success,0.40216965054340353,0.46371141542337196,0.14810027993817765,0.48065470729966053,1.6529245413245075,1.4522919928793223,1.0526044813667441,2.0439386106997318e-07
128.6281442642212,success,0.40705792829762705,0.4668944838625968,0.0292470363391001,0.6649318968498794,1.661028865505522,1.466337216419145,1.322134525930835,2.474260568604691e-07
128.37518620491028,success,0.4393855863208981,0.4913773740831525,0.14950820079734273,0.5748860330851318,1.7049751234712902,1.4954387403412654,1.415278529547439,1.8901675049240728e-07
123.56567096710205,success,0.42878018437225257,0.4360454567635914,0.14669235907901257,0.3864233815141893,1.6008739591777248,1.4091452454173792,1.0,2.21021948236115e-07
215.75470995903015,success,0.5000556985237488,0.40078239005985644,0.09550894804204746,0.7043413650844567,2.6476453803953914,1.5616521758697157,1.5742908553874877,4e-06
196.2109570503235,success,0.42404005124311617,0.4540455398071132,0.0,1.0,2.529232524779694,1.6,1.369760521279993,3.979248767626206e-06
169.81375098228455,success,0.4145772651733095,0.4261399089043695,0.05966348075453942,0.9068747793032759,2.5689808185561356,1.5376797642072393,1.4296475822922052,1.7557697874915315e-06
192.50306105613708,success,0.4469788482479285,0.42868802096260017,0.0,0.8656228139060105,2.6078970866189497,1.6,1.5144037943752755,4e-06
170.4677233695984,success,0.4171523082260134,0.4274580297976376,0.02687612960193555,0.9073735612394661,2.3593712349441542,1.5565895491535002,1.269648138872077,2.1640296050136674e-06
206.03288054466248,success,0.4693138954962322,0.427369900069332,0.0,0.8651240319698202,2.817506670230931,1.6,1.6744032377954037,4e-06
181.52534818649292,success,0.449951367839296,0.4472863962211129,0.04566863462930927,0.8042957660741215,2.378312729742326,1.525603851772707,1.6582251716814698,4e-06
128.48504185676575,success,0.5509463101769038,0.4705206662855885,0.9736788272954624,0.7364934207836584,1.58184740020732,1.3926673251797,1.1333403521440613,2.7288624704755523e-07
196.6428940296173,success,0.4325741669862144,0.40754153364585677,0.0,0.9682018271351649,2.7985651754327594,1.6,1.285826204986011,3.5820607150725563e-06
209.5845696926117,success,0.47081441112274547,0.4211017612762854,0.0,0.8522875510489062,2.756467657956035,1.586324318010868,1.6414733815220408,4e-06
186.5382673740387,success,0.45387851029044307,0.43372616859068425,0.2154805532872885,0.9202100421603802,2.42041024721905,1.6,1.30257799514544,3.571357975020605e-06
194.86708736419678,success,0.4380700411467278,0.4542306874921587,0.0,0.9964955710588004,2.3906174487727423,1.6,1.679091818511926,4e-06
190.80065846443176,success,0.45106230347656673,0.4005972423748109,0.0015759840239731903,0.776002022150486,2.786260456402343,1.5664045355354577,1.2649595581555548,2.922525748933432e-06
185.7356424331665,success,0.47420669301062973,0.4393784992717765,0.04715692060911446,0.7043279159532304,2.3734814367728836,1.5709784053353746,1.6413498067587995,4e-06
204.7883424758911,success,0.42734843710173154,0.4154494305951931,0.0,1.0,2.8033964684022017,1.6,1.3027015699086812,3.9209696364229276e-06
203.1771194934845,success,0.489297194303171,0.40132713480591303,0.0,0.8867198822460266,2.719799039310147,1.534835750946515,1.7373747613584773,3.5677139663845756e-06
175.68000674247742,success,0.44089874948696195,0.4535007950610566,0.09883483862122294,0.8857777109632597,2.457078865864938,1.6,1.2066766153090034,4e-06
184.23871088027954,success,0.4496681977757419,0.4413865155627015,0.0,0.8863738792500678,2.6521871353099273,1.6,1.6055420671410126,1.9394516742848907e-06
189.25168657302856,success,0.44551700563869884,0.4134414143042682,0.12194951541900016,0.8861237139592185,2.5246907698651584,1.5629989018790351,1.3385093095264682,4e-06
5400.019682884216,success,0.3260151246032699,0.4361930944816693,0.05467655629589138,0.955430126149595,2.6081790565573333,1.6,1.4910314272429819,2.0869051881643986e-06
183.77551364898682,success,0.444676759084005,0.41863483538530033,0.0,0.8170674670596914,2.5686988486177524,1.514959875179225,1.4530199494244989,4e-06
188.65210437774658,success,0.4338473748602347,0.4008187192169177,0.0,1.0,2.513716726325754,1.518097195764122,1.4202789809813534,2.9590056799597077e-06
191.75352692604065,success,0.43854219655080473,0.45400921065005195,0.013508531426672568,0.7618539117926679,2.6631611788493315,1.6,1.5237723956861273,4e-06
193.8013834953308,success,0.4258060353863323,0.44022343202120806,0.16485473810009474,0.9197234784302978,2.7809350376797615,1.6,1.3370044371735197,4e-06
194.4588782787323,success,0.45710024278301997,0.4146044978457616,0.0,0.8527741147789886,2.3959428674953243,1.5398210045075715,1.607046939493961,3.37954347761343e-06
177.95923686027527,success,0.42301138211833444,0.4566909047641724,0.0,0.8100036036308534,2.477037430875607,1.5400997340793126,1.7049701387418292,2.8421687691650873e-06
133.84407091140747,success,0.42250029546932816,0.4579355860856106,0.15046822019334025,0.8819935217260971,1.7064317935040738,1.5020062485812224,1.2168951672127084,2.6702854303392e-07
194.86767554283142,success,0.4379849108216869,0.39813702510279725,0.027256747487677264,0.9624939895784329,2.6998404742994784,1.6,1.2390812379256515,4e-06
175.06585431098938,success,0.42891783871070266,0.4317459194023088,0.005905800729722495,1.0,2.4835358385214836,1.6,1.0655895593028426,3.920032644918275e-06
5400.019604921341,success,0.3554543828408641,0.4230820104646609,0.0,0.747908460177698,2.6933420666536017,1.5678308576539606,1.8784618173646381,4e-06
5400.018246412277,success,0.3604288979484675,0.39545337349737314,0.0,0.8524839184449262,2.6125080009502053,1.5851407147212746,1.8636461619067497,4e-06
169.70232105255127,success,0.4196659247416896,0.4593745563695965,0.03382831385549652,0.9200136747643601,2.5643699042248804,1.6,1.080405214760731,3.3027214430606214e-06
179.96167707443237,success,0.4454435273426535,0.44405789984331023,0.0,0.8320523798611373,2.367058461336418,1.587176675834896,1.228190277572311,4e-06
5400.018495321274,success,0.3943317770425707,0.4107700300236594,0.006522951189089848,0.940445213348149,2.809819443838667,1.6,1.7158610990951697,2.2919309286031425e-06
200.66895365715027,success,0.4926354811781213,0.39470543613972214,0.0,0.7937580303072901,2.63723982660566,1.5300890386208428,1.636270742291818,4e-06
178.33125615119934,success,0.4068387529578161,0.4601224937272475,0.012487965572713396,0.9787395629019963,2.5396380785694253,1.6,1.3077806343756628,2.9255644851820174e-06
181.92462468147278,success,0.42535434457753724,0.421865693352864,0.0,0.9611847939327386,2.45044914956258,1.570567181345064,1.543865998442014,1.8638914762171935e-06
189.84524083137512,success,0.44417116228838943,0.4329622365141056,0.08685906148282452,0.8113127992765478,2.7264287556125057,1.6,1.4001853782254667,4e-06
150.36235666275024,success,0.40864708811664213,0.4876370407467407,0.17132886801316824,0.7971775647538488,2.2955110760735034,1.449696084030374,1.5485162007040898,1.5277976611090848e-06
153.82644295692444,success,0.44833963101636853,0.48541427864682907,0.35660861665747906,0.843523080310423,2.075654003467463,1.4581511273683183,1.7633845704796158,1.5818298631237537e-06
150.712140083313,success,0.39199106188416044,0.4898598028466523,0.0,0.7508320491972746,2.515368148679544,1.4412410406924299,1.3336478309285638,1.4756110930166323e-06
149.22089648246765,success,0.37621777443176935,0.4933593336101357,0.0,0.8178739689028061,2.6067703992255433,1.46930207480792,1.0,1.4033640428999943e-06
149.86968421936035,success,0.39828360009315805,0.4898598028466523,0.11789038883082413,0.7508320491972746,2.515368148679544,1.4412410406924299,1.4207285999151094,1.4756110930166328e-06
157.53878235816956,success,0.4008417170963113,0.4722813524219681,0.0,0.9502206812192432,2.426309765499371,1.4839517838012204,1.2286847574104178,2.1350454613453133e-06
142.00314736366272,success,0.3828274466732384,0.5,0.005610057757006074,0.6855272565863689,2.7872310329517154,1.4546523658146195,1.0,9.224303053779749e-07
151.7278492450714,success,0.3772218522242079,0.49519815936575706,0.16674617086548105,0.9760951019032384,2.6771927321506137,1.4142824595417154,1.053542542990222,1.658316911897128e-06
145.71452641487122,success,0.388160665461656,0.49152050785451434,0.0,0.6596528359023737,2.536348066300473,1.5243216900741245,1.0,1.1876081241019077e-06
144.9554045200348,success,0.41752721408254934,0.47802105858446287,0.0413177723151076,0.8831703025845495,2.639077786190105,1.491617453084121,1.1661508276138892,6.212962923585033e-07
165.24196243286133,success,0.4047443690030301,0.5,0.0,0.7525776352210626,2.5744630122609817,1.4469866965317189,1.0,3.1698734744230638e-06
157.67793107032776,success,0.4096397686715293,0.4665136098382948,0.078013247011782,0.7313403578308189,2.4874367917776237,1.4061642760158495,1.0,1.7041402905729025e-06
150.46369218826294,success,0.3905756856138108,0.5,0.0,0.9044075799747933,2.726104006673463,1.5324398735999905,1.2311948557836223,1.1556740063005776e-06
150.37611746788025,success,0.3931964606920312,0.4760705398266842,0.012249273155656628,0.9356147059002066,2.5326707634115477,1.5492862990930756,1.0,1.0013562131422485e-06
153.07595872879028,success,0.393953594858844,0.5,0.0,0.7001332319054056,2.680870035039539,1.3893178505227644,1.2201162771461758,1.9667632866875193e-06
143.50976514816284,success,0.41950518075454013,0.4729834829474373,0.0,0.7232576258908628,2.6959080138732787,1.41284101132467,1.1441670647278679,7.477710593680073e-07
155.94907784461975,success,0.4152801766563253,0.5,0.008123881435031434,0.9124903119147493,2.517632784577808,1.5257631382911698,1.0,2.63373476712126e-06
196.0057954788208,success,0.4247747748541366,0.4391089412030672,0.13124074328905447,0.9591339850420906,2.894488718117631,1.589024116767816,1.4219203531976454,4e-06
193.91283106803894,success,0.47224484281524254,0.41571898866390244,0.0,0.8133636081671958,2.282389187057454,1.6,1.5221310234698353,3.500905176528795e-06
5400.018936395645,success,0.3183469084287591,0.417165482181982,0.0795131078899647,0.6723831240189256,2.7662782512393918,1.6,1.5227841747389157,3.974231531783869e-06
189.7459168434143,success,0.4398928547590179,0.43766244768498763,0.0,1.0,2.410599653935694,1.587652768158595,1.421267201928565,4e-06
5400.021727561951,success,0.359524326541905,0.4165659634218518,0.0133269155408557,0.7457629948624616,2.7269890426551684,1.5898753640802774,1.5933752680608166,2.015578249936981e-06
186.7355523109436,success,0.43656772657493914,0.43826196644511783,0.0,1.0,2.449888862519917,1.6,1.3506761086066643,4e-06
175.121426820755,success,0.42687618789933734,0.46660717042273553,0.005782161681747478,0.9520076644428872,2.506999910639216,1.6,1.2462786129978833,4e-06
5400.019548654556,success,0.3640798079120993,0.3882207594442341,0.0,0.8204899287663991,2.6698779945358693,1.5648988894270388,1.6977727636695974,2.9626460356887094e-06
5400.019713640213,success,0.3093173645110194,0.42931134913038843,0.00937653293013642,0.7987915847211895,2.643100974965636,1.6,1.2673693366558105,1.800872373215143e-06
197.56866145133972,success,0.4459401773928298,0.42551658073658116,0.0,0.9737060084880969,2.5337769302094495,1.5701056204531452,1.6766820400116702,4e-06
203.46958255767822,success,0.4416728689935225,0.436381749979139,0.006786356868487037,0.9794568648226905,2.4530132545181114,1.5427012876238064,1.8145767118397083,4e-06
185.3122627735138,success,0.4202123444822358,0.41844617988783067,0.0,0.7930407283865959,2.723864650656974,1.6,1.1294746648277725,2.8390623741909565e-06
183.42835879325867,success,0.40393335191456436,0.4260373755807524,0.0,1.0,2.682196213852988,1.5200385881047778,1.2485821672033681,2.862953817783094e-06
207.2263376712799,success,0.47984658818058834,0.4287905542862172,0.0042034144366699675,0.7457088479254245,2.4946816913220973,1.6,1.6954692094641126,4e-06
172.4007604122162,success,0.4219212448243158,0.4381796833041418,0.09783568145161788,0.8628381027711526,2.5439016448005507,1.6,1.0500114634072217,2.696233661865496e-06
205.98691701889038,success,0.49160187987126513,0.41664824656282784,0.0,0.9096594904381338,2.6329762603745346,1.594004934394303,1.894039913260259,4e-06
179.63038396835327,success,0.40724436562497646,0.45136969207687816,0.0,0.8870540607638897,2.73595899337759,1.5410900418502482,1.4714349847092854,2.5013419716303445e-06
201.61746668815613,success,0.47199191435605653,0.4034582377900915,0.12610407419136435,0.8854435324453966,2.440918911797495,1.6,1.4726163919581954,4e-06
198.1172616481781,success,0.4394177751371948,0.4395543679704125,0.0,0.8553159895714211,2.9047045994364353,1.6,1.4745383173560844,4e-06
183.93276047706604,success,0.44363999182525266,0.4152735618965572,0.0006398886076245191,0.9171816036378653,2.27217330573865,1.5507622213017582,1.4695130593113963,2.70697535537507e-06
5400.0194680690765,success,0.32888065714032944,0.4069488099143918,0.01941034277365119,0.7254838855844152,2.3818765344296953,1.6,1.65264889167653,3.6171876379850864e-06
182.8750991821289,success,0.40258447203981373,0.44787911995257784,0.0,1.0,2.79500137074539,1.5631086631995568,1.2914024849909507,4e-06
183.4958474636078,success,0.4306375101523645,0.4432966354906055,0.0,1.0,2.369257277697149,1.5692557419672073,1.5171317575904948,3.211129635284836e-06
5400.018661499023,success,0.31222676278622663,0.41153129437636415,0.08987312713105736,0.723677830964268,2.8076206274779363,1.6,1.426919619076986,4e-06
175.66385078430176,success,0.4422439118516227,0.4379100985533852,0.0,0.7503852928796114,2.442388189527565,1.5516069633574774,1.319373349364424,4e-06
5400.020325899124,success,0.36597674503190125,0.41691783131358445,0.021921180168304837,1.0,2.7344897156475207,1.6,1.6246780273030568,2.268695100154872e-06
5400.019078016281,success,0.34779879057253327,0.4313233006168792,0.10956246171720696,0.9616485763415927,2.8808628680972945,1.6,1.6405145383464335,2.9620234589260666e-06
180.8799111843109,success,0.45846412105110523,0.42350462925009047,0.0,0.8108490168676936,2.2960150370777908,1.5930344154633493,1.3035368383210473,4e-06
180.93575716018677,success,0.42322569801364934,0.41585592232617113,0.0,0.9287871219870678,2.480111838987596,1.5128799814953355,1.4423805884944394,2.5461981365420726e-06
196.8037929534912,success,0.4441072084457187,0.43897200754079846,0.11858630206425202,0.8437104712222185,2.6967660661874895,1.6,1.5016707881730413,4e-06
204.67454361915588,success,0.4818410986296238,0.4151939932012382,0.0,0.7634085018164983,2.803881511624933,1.5855887277086502,1.5706978300303547,4e-06
186.69019103050232,success,0.4496757549806512,0.4396339366657315,0.1585852679976865,1.0,2.372996393550152,1.6,1.373353546637126,3.3732958530508267e-06
176.53635787963867,success,0.42733363852232537,0.44217456977438263,0.0,1.0,2.4380906466364545,1.5274718945799295,1.3998782668774585,4e-06
5400.019436597824,success,0.3235291808523405,0.41265336009258696,0.054554183462294695,0.7199743303688076,2.738787258538631,1.6,1.5441731097900222,3.460807586999698e-06
182.39621782302856,success,0.43267679059076386,0.41518091690256165,0.0,0.9268027245455566,2.477139460485955,1.6,1.2000824929702838,3.394013799259337e-06
191.49818515777588,success,0.45708588552255747,0.439647012964408,0.17379250635355745,0.8456948686637298,2.6997384446891304,1.554083769232566,1.743968883697197,4e-06
5400.019803524017,success,0.3336526738615768,0.41530571130800675,0.0,0.9234231042354537,2.486740374743113,1.6,1.8248830725421616,4e-06
166.6558723449707,success,0.391744595351615,0.4395222185589629,0.04272461113533062,0.8490744889738326,2.690137530431972,1.5765571212452094,1.119168304125319,2.226967020294745e-06
194.13960003852844,success,0.4486311522702737,0.4438142988636224,0.0,0.8204390336195027,2.835720622353744,1.596777462508347,1.6399918401213696,3.0320792504110033e-06
195.40385127067566,success,0.4632935227690774,0.41101363100334726,0.13795891609718444,0.9520585595897837,2.3411572828213414,1.6,1.3040595365461112,4e-06
190.44339227676392,success,0.4379293500676894,0.44825916555356804,0.0,0.8678501211546258,2.749535224955143,1.5482840905499704,1.7039388143936458,4e-06
5400.0189373493195,success,0.307068468840471,0.4065687643134016,0.1240127870396395,0.9046474720546606,2.427342680219943,1.6,1.240112562273835,2.891387732238553e-06
185.9404058456421,success,0.43649902772213905,0.4105917168146809,0.019101683168653266,0.9377273562754339,2.3493622491755755,1.6,1.2051022403675902,2.5107887467702293e-06
211.22606897354126,success,0.4584516101139664,0.4442362130522888,0.0,0.8347702369338524,2.82751565599951,1.5862386773313124,1.7389491362998906,4e-06
189.79512929916382,success,0.46842387228352955,0.4300317664277472,0.040371100068050295,0.6663266001272301,2.5128264369288833,1.556128519530497,1.5164398447262526,4e-06
192.1531867980957,success,0.4192869092393975,0.4247961634392224,0.0,1.0,2.664051468246202,1.6,1.4276115319412281,2.8134058992154034e-06
5400.018954992294,success,0.3269703601495906,0.44382494660187666,0.01559605099087153,0.8101299201825227,2.4785280124665636,1.6,1.8894934755239348,3.6795914959858782e-06
188.1556806564331,success,0.4073294063374321,0.411002983265093,0.0,0.9623676730267636,2.6983498927085217,1.5559021529515698,1.054557901143546,4e-06
5400.019722700119,success,0.3152509560407606,0.4234312230628281,0.0,0.7996113847884609,2.835556308007548,1.580025196467636,1.5485862737620144,4e-06
177.3698399066925,success,0.4154173887899148,0.43139670680414155,0.039053076745718014,0.9728862084208254,2.341321597167538,1.6,1.3954651029054663,2.103144112622975e-06
183.13248682022095,success,0.41583104000593185,0.4189966722708749,0.0,0.9641405463902539,2.6966202844984326,1.5685440829413149,1.1983143627209831,4e-06
195.6916379928589,success,0.45572933138518035,0.43583125759609476,0.1673157742352309,0.8083570468190324,2.4802576206766527,1.6,1.7457370139464976,2.986208901054316e-06
5400.019533872604,success,0.31322122453787987,0.42455110611080316,0.0,0.8714638428866882,2.4211915183119235,1.6,1.5334028217812972,4e-06
184.43826127052307,success,0.4422955751259642,0.4302768237561665,0.002743156631665502,0.9010337503225981,2.755686386863162,1.5901905186109242,1.4106485548861836,1.6733456769182869e-06
228.82557129859924,success,0.49727463615317,0.38759486138619137,0.12846838328819304,0.8114096938648665,2.6793405143337354,1.6,1.454368372550603,3.978528742990045e-06
179.92765927314758,success,0.4197535553203303,0.4672330684807783,0.0,0.9610878993444198,2.49753739084135,1.5664463199260763,1.4896830041168778,4e-06
178.06519389152527,success,0.3969785827553084,0.43431655356588394,0.0,0.9938964231306198,2.7322708023784426,1.5300907966093593,1.21345992807862,2.8284511683768653e-06
5400.020396947861,success,0.3344344973591634,0.4205113763010857,0.05419192756572837,0.7786011700786666,2.444607102796643,1.6,1.7305914485888607,4e-06
188.6998016834259,success,0.43380409907231304,0.4006840373355406,0.0,1.0,2.506814659350823,1.584611578809704,1.2047360667947844,4e-06
5400.019100189209,success,0.3216855728597434,0.45414389253142906,0.08206176917391725,0.7399035248182596,2.670063245824262,1.6,1.7393153098726963,3.3621697443685247e-06
191.2947564125061,success,0.43857588003608894,0.4484499002235296,0.0,1.0,2.382907273257297,1.5609854439805027,1.694921488777886,4e-06
190.7499349117279,success,0.4580981210281587,0.40637802964344005,0.08228738002797542,0.7644237626117446,2.793970631917788,1.6,1.2491298878895947,3.906941505533325e-06
191.00078797340393,success,0.4461858203841298,0.42450656691237326,0.15210817079941905,0.9327712143083114,2.800523591229509,1.559291215890787,1.6474726828070907,2.757280278255984e-06
185.68341374397278,success,0.44765637522260415,0.4303213629545964,0.0,0.8397263789009749,2.3763543139455763,1.6,1.29657869386039,4e-06
181.43991088867188,success,0.4256404052513385,0.4160050185825275,0.012178657643962306,0.9257405432081869,2.845221330594703,1.6,1.315083753966276,2.1238136006590163e-06
197.00838899612427,success,0.45678333317691583,0.4388229112844422,0.0,0.8467570500010995,2.331656574580382,1.5944804395832464,1.6289676227012047,4e-06
199.57136607170105,success,0.48867089187647483,0.4076436480958126,0.21296431724544884,0.7757031749434316,2.5772467311013805,1.5783359513469506,1.5256463929550534,4e-06
186.2482602596283,success,0.4209417903105389,0.447184281771157,0.0,0.9967944182658548,2.599631174073705,1.6,1.4184049837124273,3.977032881051904e-06
188.89212155342102,success,0.43236649072692984,0.45878751586357336,0.009996721827040634,0.8671614256607031,2.4390138803312444,1.6,1.5230979282192794,4e-06
5400.019145727158,success,0.35500122877152007,0.3960404140033963,0.0,0.9053361675485833,2.737864024843841,1.592266973920246,1.4209534484482014,2.023775010057038e-06
184.12904620170593,success,0.4287274626343748,0.46686123555195325,0.043340604130075795,1.0,2.4682556185812747,1.6,1.4920350817706942,4e-06
208.3913266658783,success,0.4908386088499314,0.3879666943150164,0.0,0.760587672137085,2.7086222865938105,1.593178888361398,1.4520162948967865,2.9559808888561782e-06
193.94883012771606,success,0.46635538996979825,0.39370943800010316,0.08101722546127059,0.9333301580457057,2.367358709783625,1.5483397594806656,1.5085053436627174,4e-06
191.6031894683838,success,0.41407974189443153,0.4611184918668665,0.0,0.8391674351635806,2.8095191953914602,1.6,1.4355460330047634,3.863201751995588e-06
201.06710052490234,success,0.4436718221592192,0.40641550212461564,0.007776195140007373,1.0,2.496491442445918,1.6,1.3245218128298426,4e-06
180.83906960487366,success,0.4337388631533995,0.448412427742354,0.0,0.77192353487317,2.680386462729168,1.5068673968513036,1.6195295638376381,3.39810398173261e-06
206.17652010917664,success,0.47421278270892303,0.43643380515674857,0.09960818790618618,0.7723156316059674,2.5940543357200108,1.6,1.7437550343694308,4e-06
182.3826231956482,success,0.40829906434642854,0.4183941247102211,0.0,1.0,2.5828235694550745,1.5396062642472905,1.20029634229805,2.670288769680189e-06
178.5331974029541,success,0.4298230688441256,0.4154197848831551,0.0,0.9046662060450584,2.5772142703075547,1.5065502374352897,1.3557281541998325,3.904042933786108e-06
198.00297236442566,success,0.45013147432286627,0.43940814498381453,0.16628966713561344,0.8678313871642279,2.5996636348675306,1.6,1.5883232224676482,4e-06
5400.020605564117,success,0.33347591017063694,0.3848233585045112,0.005250951082304065,0.9145726705376473,2.559219997812311,1.6,1.5178671791195488,4e-06
170.21244025230408,success,0.3941624393190558,0.47000457136245843,0.0,0.857924922671639,2.6176579073627746,1.5456743069521948,1.426184197547932,2.711358077900434e-06
191.69943022727966,success,0.4155545482223274,0.4670237668190999,0.0,0.9053279749530856,2.745712867195893,1.6,1.626493170233441,4e-06
