mean_obs,mean_1gg,mean_3gg,mean_7gg
0.17104999999999995,0.19575833333333334,0.20040833333333333,0.18965833333333335
0.17105,0.19510833333333333,0.20028333333333334,0.19006666666666663
0.17113333333333336,0.19460833333333336,0.200175,0.1901833333333333
0.17123333333333335,0.194125,0.2001166666666667,0.19024166666666667
0.17142499999999997,0.19353333333333333,0.2000166666666666,0.19025
0.17133333333333334,0.19295000000000004,0.1989,0.19034166666666671
0.17143333333333333,0.192225,0.19726666666666667,0.1902666666666666
0.171625,0.19178333333333333,0.19504166666666667,0.1900166666666667
0.17134166666666664,0.1909,0.19400833333333334,0.18935000000000002
0.17102499999999998,0.1899666666666667,0.19319166666666668,0.1888
0.170825,0.1888,0.19233333333333327,0.18786666666666665
0.17037499999999997,0.187825,0.19177500000000003,0.18708333333333335
0.1725,0.1894583333333333,0.19375833333333337,0.18931666666666666
0.17189166666666666,0.19094166666666668,0.19554999999999997,0.19096666666666665
0.17105833333333334,0.19145833333333337,0.19629166666666664,0.19129166666666667
0.17052500000000004,0.19162499999999996,0.19705833333333334,0.19146666666666667
0.17005,0.19150833333333336,0.19743333333333335,0.1913583333333333
0.169675,0.19155833333333339,0.19776666666666667,0.1919166666666667
0.16924999999999998,0.19169999999999998,0.1983,0.19255
0.16888333333333336,0.19175833333333336,0.198875,0.19313333333333335
0.16886666666666664,0.19150833333333336,0.1986416666666667,0.19345833333333332
0.16889999999999997,0.19090833333333335,0.19813333333333336,0.19355
0.16884999999999997,0.19035,0.19751666666666667,0.19320833333333334
0.16893333333333335,0.18960833333333338,0.19660833333333336,0.19294999999999998
0.16896666666666663,0.18893333333333331,0.19567500000000002,0.19269999999999998
0.1689333333333333,0.188225,0.19496666666666665,0.19242499999999998
0.16903333333333334,0.18762500000000004,0.194375,0.19216666666666662
0.16908333333333334,0.18705000000000002,0.19365833333333335,0.19199166666666667
0.16931666666666667,0.186625,0.19315833333333332,0.19146666666666667
0.16928333333333334,0.18599166666666664,0.19261666666666666,0.19117499999999996
0.16942499999999996,0.185325,0.19174999999999998,0.19056666666666666
0.16928333333333334,0.18464166666666668,0.1910583333333333,0.1898
0.16889999999999997,0.18379166666666666,0.19030833333333338,0.18898333333333336
0.16858333333333334,0.18257500000000004,0.18917499999999998,0.18764166666666668
0.16815833333333333,0.18142499999999998,0.18809166666666668,0.18637500000000004
0.1675,0.1803916666666667,0.18706666666666663,0.18546666666666667
0.16840833333333335,0.18415,0.18900000000000003,0.18863333333333335
0.16784166666666667,0.1858333333333333,0.1909166666666667,0.19025833333333333
0.16700833333333331,0.1868333333333333,0.19128333333333336,0.19060833333333335
0.16642500000000002,0.18655,0.19154166666666664,0.19077500000000003
0.166075,0.1870583333333333,0.19165833333333335,0.19116666666666662
0.16576666666666667,0.18716666666666668,0.1919,0.19151666666666667
0.16549166666666668,0.18772500000000003,0.19258333333333333,0.19238333333333332
0.16540833333333335,0.18800833333333333,0.19286666666666663,0.19301666666666664
0.16573333333333334,0.18820000000000003,0.1932,0.1935416666666666
0.16594166666666668,0.1879916666666667,0.193125,0.19529166666666667
0.16594166666666665,0.1874333333333333,0.1929666666666667,0.19241666666666665
0.1657,0.18680833333333333,0.19276666666666673,0.19143333333333334
0.1657416666666667,0.18615,0.19315000000000004,0.19027499999999997
0.16561666666666666,0.18556666666666666,0.19243333333333332,0.1890833333333333
0.16565833333333332,0.1849916666666667,0.19190833333333335,0.18770833333333337
0.16566666666666666,0.18434166666666665,0.191325,0.18665
0.16582499999999997,0.18375833333333336,0.19065000000000001,0.18568333333333334
0.165825,0.18318333333333334,0.18994999999999998,0.184775
0.16584166666666667,0.18259999999999998,0.18903333333333336,0.18442499999999998
0.16578333333333337,0.18189999999999998,0.18852499999999997,0.18398333333333336
0.16538333333333335,0.18082499999999999,0.18737499999999999,0.1834416666666667
0.16499166666666668,0.179825,0.18605833333333333,0.18180833333333335
0.164525,0.17855000000000001,0.18466666666666667,0.17999166666666666
0.164,0.17751666666666666,0.18355000000000002,0.17853333333333332
0.16479999999999997,0.18009166666666665,0.18519999999999995,0.17989999999999998
0.16427499999999998,0.18190833333333334,0.18671666666666667,0.18111666666666668
0.16370833333333332,0.1823916666666667,0.18694166666666664,0.18067500000000003
0.16311666666666666,0.18275833333333333,0.18703333333333338,0.1799083333333333
0.16294166666666668,0.1829666666666667,0.18690833333333326,0.18340833333333337
0.16218333333333332,0.18340833333333337,0.18708333333333335,0.1870666666666667
0.16164166666666668,0.1840833333333333,0.18771666666666664,0.19080833333333336
0.16218333333333335,0.184775,0.18814166666666665,0.1908666666666667
0.16234166666666663,0.18525,0.18845,0.190975
0.16282499999999997,0.18526666666666666,0.18814166666666668,0.19056666666666666
0.16346666666666668,0.18475833333333333,0.18765833333333334,0.18989999999999996
0.16360000000000002,0.18418333333333334,0.18688333333333332,0.18916666666666668
0.16375000000000003,0.18356666666666663,0.18623333333333333,0.18853333333333333
0.16401666666666667,0.182975,0.1855,0.18794166666666667
0.16418333333333332,0.1824083333333333,0.18489999999999998,0.18734166666666666
0.16421666666666665,0.18185833333333332,0.18434166666666665,0.18694999999999998
0.16422499999999998,0.18130833333333332,0.183925,0.18653333333333336
0.16395,0.18089999999999998,0.18331666666666668,0.18204999999999996
0.16385000000000002,0.18039166666666664,0.18275833333333333,0.1812
0.16367500000000001,0.17979166666666668,0.18215,0.18013333333333337
0.16324166666666667,0.17895833333333333,0.18131666666666665,0.1794083333333333
0.16307500000000003,0.178175,0.1804583333333333,0.17859166666666668
0.16240000000000002,0.17713333333333334,0.17951666666666666,0.17745
0.16199166666666667,0.16935,0.17833333333333334,0.17854166666666663
0.16347499999999998,0.17016666666666666,0.1806916666666667,0.1788833333333333
0.163125,0.17329999999999998,0.18330833333333338,0.18260833333333334
0.1628,0.17509166666666667,0.18524166666666667,0.18459166666666668
0.16234166666666666,0.175875,0.18561666666666662,0.18605000000000002
0.16218333333333332,0.17737499999999998,0.18654166666666663,0.18800000000000003
0.16224999999999998,0.17779166666666665,0.18709166666666666,0.18938333333333335
0.16216666666666665,0.17812499999999998,0.1877333333333333,0.19073333333333334
0.1623,0.17921666666666666,0.1883916666666667,0.19223333333333334
0.1627,0.18023333333333333,0.18880833333333333,0.19327500000000006
0.16308333333333333,0.18116666666666661,0.18904166666666666,0.1940833333333333
0.163075,0.1820166666666667,0.18919166666666673,0.19468333333333332
0.16300833333333337,0.18204166666666666,0.18884166666666669,0.19475833333333337
0.16334166666666666,0.18174999999999997,0.18824166666666667,0.1946083333333333
0.16337500000000002,0.1815,0.18764999999999996,0.19438333333333335
0.1637,0.18115,0.18715,0.19414166666666666
0.16385,0.18080833333333332,0.18655,0.19394999999999998
0.16395,0.18033333333333332,0.18600833333333336,0.193775
0.16401666666666667,0.1796,0.1854916666666667,0.19290833333333335
0.164175,0.17911666666666667,0.18503333333333336,0.19109166666666663
0.164,0.178625,0.1843666666666666,0.18747500000000003
0.1638666666666667,0.17769166666666666,0.1834083333333333,0.18500000000000003
0.16369999999999998,0.17701666666666663,0.18281666666666666,0.1842083333333333
0.16333333333333336,0.176075,0.1819916666666667,0.18352500000000005
0.1630416666666667,0.17003333333333334,0.18115833333333334,0.18194166666666664
0.16378333333333334,0.17213333333333333,0.1837,0.18299166666666666
0.16297499999999998,0.17320833333333333,0.1848833333333333,0.18357499999999996
0.16255,0.17410833333333334,0.185175,0.18313333333333334
0.162075,0.17399166666666668,0.1849333333333333,0.18295833333333336
0.16176666666666664,0.173175,0.18426666666666666,0.1824083333333333
0.16137500000000002,0.17325,0.18359166666666668,0.18172500000000003
0.16125,0.17261666666666664,0.182875,0.18153333333333335
0.16104999999999997,0.17225,0.18247500000000003,0.18164999999999998
0.16097499999999998,0.17225000000000001,0.18215833333333334,0.1819333333333333
0.1611,0.17225833333333332,0.18194999999999997,0.182025
0.16125833333333334,0.17200000000000001,0.18144999999999997,0.18211666666666668
0.16145,0.17163333333333333,0.18104166666666663,0.18173333333333333
0.16159166666666666,0.17147500000000002,0.1804916666666667,0.18124166666666666
0.16146666666666668,0.17119166666666671,0.1799916666666667,0.1808166666666667
0.16151666666666667,0.17099999999999996,0.17947500000000002,0.1805166666666667
0.16160833333333335,0.17074999999999999,0.1789583333333333,0.18000833333333333
0.16176666666666667,0.1704583333333333,0.1784583333333333,0.17979999999999996
0.16184166666666666,0.17013333333333333,0.17809166666666668,0.17941666666666664
0.16154166666666667,0.16988333333333336,0.177625,0.17882499999999998
0.16149166666666667,0.16931666666666667,0.17710000000000004,0.17819166666666666
0.16118333333333332,0.16876666666666665,0.17630833333333332,0.17714999999999995
0.16086666666666666,0.1676833333333333,0.1753833333333333,0.1760333333333333
0.16050000000000003,0.16630833333333336,0.17429166666666665,0.1750333333333333
0.15939166666666668,0.16536666666666666,0.16554999999999997,0.17401666666666668
0.16108333333333333,0.16785833333333333,0.16808333333333333,0.17566666666666667
0.16047499999999998,0.16996666666666668,0.17024166666666662,0.17775833333333335
0.16014166666666665,0.17029166666666665,0.1709333333333333,0.17851666666666666
0.1595916666666667,0.17019166666666666,0.17123333333333332,0.178575
0.15932499999999997,0.1698583333333333,0.17206666666666667,0.17826666666666666
0.15913333333333332,0.1695,0.17161666666666667,0.17794166666666666
0.15901666666666664,0.16873333333333332,0.17073333333333332,0.17735833333333337
0.15914166666666668,0.16830833333333328,0.17059166666666667,0.17676666666666666
0.159525,0.167925,0.17057499999999995,0.17654999999999998
0.1598166666666667,0.167575,0.17068333333333333,0.17699166666666666
0.15982499999999997,0.16727500000000003,0.17093333333333335,0.17832500000000007
0.15992499999999996,0.16695000000000002,0.17076666666666665,0.17875833333333335
0.15956666666666666,0.1667166666666667,0.17046666666666666,0.17929166666666665
0.15975,0.16630833333333334,0.17030833333333337,0.17884166666666668
0.15968333333333337,0.1660333333333333,0.17008333333333336,0.1786
0.15961666666666666,0.16574999999999998,0.16983333333333336,0.17825000000000002
0.15961666666666666,0.16553333333333334,0.1694,0.17779166666666668
0.15975833333333336,0.16525,0.16863333333333333,0.17735
0.15987500000000002,0.16480000000000003,0.168125,0.17673333333333333
0.15953333333333333,0.164175,0.16755833333333336,0.17620833333333333
0.15919166666666665,0.16300833333333334,0.16645833333333335,0.17515833333333333
0.1587083333333333,0.1618,0.16538333333333333,0.17389166666666667
0.15813333333333335,0.16060833333333335,0.16393333333333332,0.1724
0.15722500000000003,0.15500833333333336,0.15651666666666667,0.17098333333333335
0.15889166666666665,0.15929999999999997,0.15899999999999997,0.17246666666666666
0.15829166666666664,0.161575,0.161125,0.17420833333333333
0.15789999999999998,0.1627333333333333,0.16235833333333333,0.17417499999999997
0.15741666666666668,0.1626,0.16230833333333333,0.17389999999999997
0.15719166666666665,0.16315833333333335,0.16240000000000002,0.17355833333333334
0.1572,0.16299166666666667,0.16326666666666667,0.17317500000000005
0.1572,0.16299166666666665,0.16320833333333334,0.1728666666666667
0.1573083333333333,0.16291666666666668,0.16318333333333335,0.172525
0.1573,0.16285000000000002,0.16315833333333335,0.172075
0.15759166666666666,0.16277499999999998,0.16310833333333333,0.17159166666666667
0.15780833333333333,0.16246666666666668,0.16269166666666665,0.17110833333333333
0.15795,0.16227499999999997,0.16216666666666665,0.17052500000000004
0.15786666666666666,0.1615916666666667,0.16183333333333336,0.17
0.1574,0.16131666666666664,0.16140833333333335,0.16946666666666665
0.15735833333333335,0.16094166666666668,0.16105,0.16896666666666668
0.15724166666666667,0.16065,0.16064166666666665,0.16851666666666668
0.15710833333333338,0.16045833333333331,0.16022499999999998,0.16815000000000002
0.15711666666666668,0.16018333333333334,0.15980000000000003,0.16767500000000002
0.15695,0.15974999999999998,0.15929166666666666,0.16705
0.156625,0.15930833333333333,0.1586,0.166475
0.1563,0.15934166666666666,0.15787499999999996,0.16555833333333334
0.15576666666666666,0.15434166666666665,0.1566833333333333,0.16444166666666665
0.15507500000000002,0.153,0.15510833333333332,0.16314166666666666
0.15375833333333336,0.15209166666666668,0.15383333333333332,0.16179999999999997
0.15625833333333333,0.15546666666666664,0.15684166666666668,0.16519166666666665
0.15567499999999998,0.15915833333333332,0.15965000000000001,0.16768333333333332
0.1553833333333333,0.1605,0.160625,0.16892500000000002
0.154925,0.16149166666666667,0.1607166666666667,0.16878333333333337
0.15476666666666666,0.16195,0.16113333333333335,0.1693416666666667
0.15473333333333336,0.16320833333333332,0.16148333333333334,0.16962500000000003
0.15473333333333336,0.16404166666666667,0.16196666666666668,0.170175
0.15478333333333333,0.165125,0.16283333333333336,0.17095833333333335
0.15505,0.165975,0.16355833333333333,0.171525
0.155325,0.16675833333333334,0.1641,0.171925
0.15546666666666667,0.16695833333333332,0.16408333333333333,0.1718166666666667
0.1556,0.16673333333333332,0.1636,0.17118333333333333
0.15574166666666667,0.1663,0.16310833333333333,0.170525
0.1561,0.16534166666666666,0.162575,0.16995000000000002
0.15621666666666667,0.16500000000000004,0.16210000000000002,0.16941666666666666
0.15625000000000003,0.15968333333333334,0.161675,0.16886666666666664
0.156375,0.15978333333333336,0.161375,0.16842500000000002
0.15659166666666666,0.1592416666666667,0.16102499999999997,0.16797499999999999
0.1563833333333333,0.15864999999999999,0.16053333333333333,0.167475
0.15613333333333332,0.15866666666666665,0.15996666666666665,0.166875
0.155925,0.1577583333333333,0.15905833333333333,0.16601666666666665
0.154975,0.15660833333333332,0.15783333333333335,0.165025
0.15455,0.1563166666666667,0.15688333333333332,0.16390833333333332
0.15300833333333333,0.15601666666666666,0.15172500000000003,0.16303333333333334
0.15485000000000002,0.1601,0.15637499999999996,0.16599166666666668
0.15461666666666668,0.16401666666666667,0.15845,0.16805
0.1541666666666667,0.16515833333333332,0.15984166666666666,0.16865
0.15367500000000003,0.1653583333333333,0.16010000000000002,0.16903333333333329
0.15357500000000002,0.166625,0.16126666666666667,0.169525
0.15356666666666666,0.16729166666666664,0.16189999999999996,0.17009166666666664
0.15366666666666662,0.16827500000000004,0.16293333333333335,0.170825
0.1537083333333333,0.16999166666666668,0.16410833333333333,0.171825
0.15384999999999996,0.17079999999999998,0.16519166666666665,0.17259999999999998
0.15414999999999998,0.1715,0.16595833333333335,0.17318333333333333
0.15443333333333334,0.17165,0.16610833333333336,0.17306666666666667
0.15451666666666666,0.17138333333333333,0.16587500000000002,0.17259999999999998
0.15453333333333333,0.17100833333333332,0.165125,0.171975
0.15467499999999998,0.17074166666666668,0.16479166666666664,0.17145000000000002
0.15488333333333335,0.17043333333333335,0.1644,0.1708916666666667
0.15502499999999997,0.170075,0.16405833333333333,0.17035
0.15491666666666665,0.1697,0.16379166666666664,0.16980000000000003
0.1547583333333333,0.16945833333333335,0.16348333333333334,0.1694
0.15458333333333332,0.16241666666666668,0.16320833333333334,0.16889999999999997
0.15380000000000002,0.16138333333333332,0.16272500000000004,0.16831666666666664
0.153175,0.16035,0.16266666666666668,0.1674
0.15250833333333333,0.15899999999999997,0.15761666666666665,0.16641666666666666
0.15166666666666667,0.158375,0.15656666666666666,0.16526666666666665
0.15069166666666667,0.1565,0.15612499999999999,0.15909166666666666
0.153775,0.16015,0.15958333333333333,0.16209166666666666
0.15331666666666668,0.16248333333333334,0.16215833333333332,0.16416666666666668
0.1530333333333333,0.164125,0.16307499999999997,0.16510833333333333
0.15262499999999998,0.16448333333333331,0.16422499999999998,0.16570833333333332
0.15248333333333333,0.15579166666666663,0.16501666666666664,0.16692500000000002
0.15232500000000002,0.15609166666666666,0.16666666666666666,0.16763333333333333
0.1524333333333333,0.15723333333333334,0.16796666666666668,0.168575
0.15264999999999998,0.159325,0.16921666666666668,0.1697666666666667
0.152775,0.16035833333333335,0.17031666666666667,0.1708666666666667
0.15307500000000002,0.16196666666666668,0.17127499999999998,0.17179999999999998
0.15322500000000003,0.162525,0.17207499999999998,0.1727
0.15339166666666668,0.16299166666666665,0.1726833333333333,0.17321666666666669
0.15363333333333332,0.1635833333333333,0.17253333333333334,0.17301666666666668
0.15376666666666663,0.163125,0.17158333333333334,0.17261666666666664
0.15376666666666663,0.16275000000000003,0.17113333333333336,0.1721
0.1537166666666667,0.16232500000000002,0.16544166666666668,0.171675
0.15385,0.15808333333333335,0.16540000000000002,0.17123333333333335
0.15387499999999998,0.15824166666666667,0.16479166666666667,0.17063333333333333
0.15379166666666663,0.157475,0.1643,0.17018333333333335
0.15349166666666667,0.15626666666666664,0.16411666666666666,0.16960833333333336
0.153075,0.15589166666666665,0.16324166666666665,0.16870000000000004
0.15234166666666665,0.154575,0.16219999999999998,0.16769166666666668
0.15095,0.15410833333333335,0.16156666666666664,0.16625
0.14920833333333336,0.15316666666666667,0.16025833333333334,0.160875
0.15105833333333332,0.15739999999999998,0.1649166666666667,0.16258333333333333
0.15219999999999997,0.15964166666666665,0.1668666666666667,0.16472499999999998
0.15171666666666667,0.16365000000000005,0.16902499999999998,0.16679166666666667
0.15193333333333334,0.16479999999999997,0.17024166666666665,0.16801666666666668
0.1521916666666667,0.16611666666666666,0.17168333333333333,0.16880833333333334
0.1523666666666667,0.156475,0.1726916666666667,0.17029166666666665
0.15320833333333336,0.1567,0.17437500000000003,0.17129999999999998
0.1536916666666667,0.15731666666666666,0.17523333333333335,0.17220833333333332
0.15380000000000002,0.15904166666666666,0.176175,0.173225
0.15431666666666666,0.15980833333333336,0.1771166666666667,0.174175
0.15458333333333332,0.1614666666666667,0.17807499999999998,0.17494166666666666
0.15534166666666663,0.16209166666666666,0.17890833333333334,0.17557499999999995
0.155725,0.16269999999999998,0.1795,0.17608333333333334
0.15594166666666667,0.1638416666666667,0.17999999999999997,0.1764583333333333
0.15613333333333335,0.16363333333333333,0.17998333333333336,0.1763583333333333
0.15620833333333334,0.15823333333333336,0.17964999999999998,0.17592500000000003
0.15640833333333332,0.15830833333333336,0.17933333333333334,0.17552500000000001
0.15606666666666666,0.1574916666666667,0.179025,0.17508333333333337
0.15596666666666667,0.15675833333333336,0.17134166666666664,0.17460833333333337
0.155825,0.156775,0.1703083333333333,0.17404166666666665
0.15570833333333337,0.15571666666666667,0.1694083333333333,0.1733
0.1551916666666667,0.15525000000000003,0.16839166666666663,0.1724416666666667
0.15454166666666666,0.15419999999999998,0.1677,0.171225
0.15360833333333332,0.153875,0.16660833333333333,0.17081666666666664
0.15489166666666668,0.15835833333333335,0.1697,0.17330833333333331
0.15419166666666664,0.16272499999999998,0.17147499999999996,0.17492499999999997
0.15375,0.16345833333333334,0.17329166666666665,0.17579166666666668
0.15331666666666668,0.16571666666666665,0.17405000000000004,0.17647499999999994
0.15317500000000003,0.16690833333333333,0.16456666666666667,0.17709166666666665
0.15295,0.1587833333333333,0.16495,0.177725
0.15295833333333334,0.16009166666666666,0.1658666666666667,0.17849166666666663
0.15305,0.16299166666666667,0.16760833333333336,0.1794416666666667
0.15322500000000003,0.16400833333333334,0.16848333333333335,0.18021666666666666
0.1534,0.16580833333333336,0.16963333333333333,0.18080833333333335
0.1535166666666667,0.166175,0.16989999999999997,0.18118333333333334
0.15375,0.16603333333333334,0.16973333333333332,0.18090000000000003
0.15387499999999998,0.16676666666666665,0.17015833333333333,0.1806333333333333
0.1540333333333333,0.166325,0.16983333333333336,0.18025833333333333
0.1539166666666667,0.16595,0.169625,0.17995833333333333
0.15361666666666668,0.16563333333333333,0.1694166666666667,0.17969166666666667
0.15357500000000002,0.1653,0.16469999999999999,0.17950833333333338
0.15361666666666668,0.16440833333333335,0.16479166666666664,0.17923333333333333
0.15348333333333333,0.16360833333333333,0.16405833333333333,0.17875
0.15328333333333333,0.16369999999999998,0.16323333333333334,0.17820833333333333
0.15286666666666668,0.1628166666666667,0.16296666666666668,0.17742500000000003
0.15223333333333333,0.16164166666666666,0.16199166666666667,0.17649166666666669
0.15129166666666666,0.15583333333333332,0.16206666666666666,0.17548333333333335
0.15023333333333333,0.15532500000000002,0.16215833333333332,0.17135
0.15244166666666667,0.1575666666666667,0.16721666666666668,0.17474166666666666
0.15187499999999998,0.16085,0.1692,0.17664166666666667
0.151375,0.16206666666666666,0.17321666666666669,0.1784666666666667
0.15139166666666667,0.16621666666666665,0.17516666666666666,0.18024166666666672
0.15130000000000002,0.16756666666666667,0.17778333333333332,0.18224999999999994
0.1513666666666667,0.169,0.16722500000000004,0.18372500000000003
0.15156666666666668,0.17124166666666665,0.16804166666666667,0.1852166666666667
0.15217499999999998,0.17224166666666665,0.169225,0.1864583333333333
0.152575,0.17325833333333338,0.17102499999999998,0.18774166666666667
0.153,0.1742583333333333,0.17209166666666667,0.1889166666666667
0.15319166666666664,0.17504999999999996,0.17357499999999995,0.18988333333333332
0.15343333333333334,0.17557499999999995,0.17406666666666668,0.19065000000000001
0.1534,0.17589999999999995,0.17465,0.1909166666666667
0.15338333333333332,0.1758666666666667,0.17523333333333332,0.19101666666666664
0.15408333333333335,0.17527500000000004,0.17500833333333332,0.19067500000000004
0.15450833333333333,0.17425,0.16945,0.19025
0.15456666666666666,0.17351666666666668,0.16948333333333332,0.18987500000000002
0.15467500000000003,0.1729333333333333,0.16889999999999997,0.18957499999999997
0.15486666666666668,0.17251666666666665,0.16848333333333332,0.18933333333333333
0.15496666666666667,0.171775,0.1685333333333333,0.18885
0.15496666666666667,0.17084999999999997,0.16772499999999999,0.18880833333333333
0.15499166666666667,0.1646,0.16724999999999998,0.18418333333333334
0.1548083333333333,0.1630416666666667,0.16639166666666666,0.1831583333333333
0.1544166666666667,0.16236666666666666,0.166575,0.18293333333333336
0.155,0.16595000000000001,0.1707,0.18568333333333334
0.1541833333333333,0.16772499999999999,0.17504166666666665,0.18795000000000003
0.15425833333333336,0.17007499999999998,0.176725,0.18985
0.15385000000000001,0.17142500000000002,0.17994999999999997,0.19218333333333334
0.15384166666666668,0.17259999999999998,0.18202499999999996,0.19373333333333329
0.15427500000000002,0.17459166666666667,0.17247500000000002,0.19560833333333336
0.15455833333333335,0.1757666666666667,0.17460833333333328,0.19686666666666663
0.15495,0.177125,0.1761583333333333,0.19812499999999997
0.1552333333333333,0.17847499999999997,0.17820833333333333,0.19932499999999997
0.1554833333333333,0.17963333333333334,0.17954166666666663,0.20049166666666665
0.15580833333333333,0.1804083333333333,0.18044166666666664,0.20148333333333332
0.15647499999999995,0.1809833333333333,0.18215,0.20229166666666668
0.1567333333333333,0.1814416666666667,0.18290000000000003,0.20296666666666666
0.15721666666666664,0.1810833333333333,0.18290833333333334,0.20259166666666664
0.15751666666666667,0.18105833333333335,0.18255000000000002,0.20226666666666668
0.15780000000000002,0.18087499999999998,0.18220833333333333,0.19635833333333333
0.15825,0.18025,0.18181666666666665,0.19621666666666668
0.158525,0.17966666666666667,0.18109166666666668,0.19562500000000005
0.158775,0.17917499999999997,0.18136666666666668,0.19520833333333334
0.158925,0.1788833333333333,0.18094166666666667,0.19530833333333333
0.158875,0.1784416666666667,0.18045,0.19488333333333333
0.15866666666666665,0.17826666666666666,0.17993333333333336,0.19453333333333334
0.15856666666666663,0.17132499999999998,0.17520833333333333,0.19471666666666668
0.1582083333333333,0.17077499999999998,0.17464166666666667,0.1955083333333333
0.1597583333333333,0.17276666666666665,0.17790833333333333,0.198975
0.159925,0.174075,0.1792,0.20235833333333333
0.15993333333333334,0.17511666666666667,0.18295000000000003,0.20408333333333328
0.15988333333333335,0.17566666666666667,0.18386666666666665,0.2050833333333333
0.1599916666666667,0.1768833333333333,0.18525,0.20623333333333335
0.16018333333333334,0.17770833333333336,0.18594166666666667,0.20704999999999998
0.16051666666666667,0.17859999999999998,0.18651666666666664,0.20770833333333336
0.160975,0.1793,0.18699166666666664,0.20875833333333335
0.16141666666666668,0.17989999999999998,0.18748333333333334,0.20917500000000003
0.16193333333333335,0.17976666666666666,0.18743333333333334,0.20915833333333336
0.1623333333333333,0.17945,0.18711666666666668,0.209
0.16281666666666664,0.1793416666666667,0.18681666666666671,0.20879166666666668
0.16295833333333334,0.17905833333333332,0.18655,0.2086
0.16335000000000002,0.17878333333333332,0.18633333333333335,0.20842499999999997
0.163475,0.1784416666666667,0.18598333333333336,0.20819999999999997
0.16345833333333334,0.17818333333333333,0.18524166666666664,0.20801666666666666
0.16358333333333333,0.17784999999999998,0.18481666666666663,0.20783333333333334
0.16376666666666667,0.17751666666666666,0.18447499999999997,0.20770833333333336
0.16395,0.17708333333333334,0.1842,0.20055
0.16415,0.17645000000000002,0.18371666666666667,0.19967500000000002
0.1640833333333333,0.17557499999999995,0.1830333333333333,0.19900000000000004
0.1639,0.17448333333333332,0.17604166666666668,0.19805833333333336
0.16368333333333332,0.17360833333333334,0.17494166666666666,0.197775
0.16341666666666668,0.17294166666666666,0.17485000000000003,0.19681666666666664
0.16485000000000002,0.17477499999999999,0.17799999999999996,0.19900833333333334
0.16486666666666666,0.17673333333333333,0.17983333333333332,0.20086666666666664
0.164925,0.17802500000000002,0.182125,0.20279166666666673
0.16474166666666668,0.17910000000000004,0.18295833333333333,0.20373333333333332
0.165,0.18019166666666667,0.18391666666666662,0.1935083333333333
0.16526666666666665,0.18135,0.18559166666666663,0.19380833333333336
0.16569166666666668,0.18252500000000002,0.18665,0.19485833333333336
0.16590833333333335,0.18360833333333335,0.1879333333333333,0.19653333333333334
0.16577499999999998,0.1844,0.188925,0.19734999999999994
0.16610000000000003,0.18499166666666667,0.18971666666666667,0.19840833333333333
0.16629999999999998,0.18485,0.18972500000000003,0.198425
0.1665333333333333,0.18434166666666663,0.18922499999999998,0.19837500000000005
0.16684166666666664,0.18381666666666666,0.18883333333333333,0.19875833333333334
0.16721666666666665,0.1832666666666667,0.18824166666666667,0.1985083333333333
0.16765833333333335,0.182675,0.18838333333333332,0.19844166666666666
0.16792500000000002,0.18214166666666667,0.18838333333333332,0.19829166666666667
0.16828333333333334,0.18161666666666665,0.18787500000000001,0.19338333333333327
0.16860833333333333,0.1811583333333333,0.18739999999999998,0.19349166666666665
0.16883333333333336,0.18064166666666667,0.18694166666666667,0.19293333333333337
0.16903333333333334,0.18009999999999995,0.18649166666666664,0.19223333333333334
0.16874166666666668,0.17931666666666665,0.18589166666666668,0.1920166666666667
0.1685833333333333,0.1783833333333333,0.18533333333333332,0.19118333333333337
0.16879999999999998,0.17728333333333335,0.1764,0.19069999999999998
0.1683583333333333,0.17625833333333332,0.1751666666666667,0.1911333333333333
0.169875,0.1787333333333333,0.1769833333333333,0.19565000000000002
0.16961666666666667,0.18090833333333334,0.1789333333333333,0.19747500000000004
0.16944166666666663,0.182325,0.18007499999999999,0.2006083333333334
0.16913333333333333,0.18353333333333333,0.18085833333333332,0.20165833333333336
0.16916666666666666,0.18526666666666666,0.18314166666666665,0.20367500000000002
0.170225,0.18556666666666666,0.18492499999999998,0.1939833333333333
0.17041666666666666,0.18588333333333332,0.1866583333333333,0.19448333333333334
0.171075,0.1871333333333333,0.18800000000000006,0.19578333333333334
0.1714583333333333,0.17706666666666662,0.18913333333333335,0.19748333333333334
0.17179166666666665,0.17698333333333335,0.1899666666666667,0.19847499999999998
0.17242499999999997,0.1763416666666667,0.19060833333333338,0.19969166666666668
0.17265,0.17609166666666667,0.19129166666666667,0.20020833333333332
0.17297500000000002,0.1756333333333333,0.19125,0.20037499999999997
0.1733916666666667,0.175225,0.1909666666666667,0.20071666666666665
0.17383333333333337,0.17510833333333334,0.19055000000000002,0.20050833333333332
0.17420833333333333,0.17491666666666664,0.19023333333333334,0.1948416666666667
0.17463333333333333,0.174775,0.189775,0.19497500000000004
0.17485833333333334,0.174675,0.18937500000000004,0.19463333333333335
0.1749666666666667,0.17445,0.189075,0.19445
0.17489999999999997,0.17500000000000002,0.18840833333333332,0.19465000000000002
0.17469166666666666,0.1744416666666667,0.18748333333333334,0.19408333333333327
0.17465833333333333,0.17384166666666667,0.18638333333333332,0.19384999999999997
0.17448333333333332,0.17326666666666668,0.1854,0.19340833333333332
0.17434166666666664,0.17343333333333333,0.18480833333333335,0.19390833333333335
0.17536666666666667,0.1759666666666667,0.18738333333333337,0.19765000000000002
0.17555833333333334,0.17883333333333337,0.18929166666666664,0.2015583333333333
0.17629999999999998,0.18006666666666668,0.19042499999999998,0.20265833333333338
0.17549166666666663,0.18091666666666664,0.191325,0.20434166666666667
0.17540000000000003,0.18229166666666666,0.19236666666666669,0.20552499999999999
0.17549166666666668,0.18347499999999997,0.19341666666666668,0.1960833333333333
0.17574166666666668,0.18433333333333332,0.19440000000000002,0.19729166666666667
0.17578333333333337,0.1858666666666667,0.19557499999999997,0.19964166666666672
0.17628333333333335,0.18724166666666667,0.19651666666666667,0.2007833333333333
0.17654166666666668,0.18847500000000003,0.19728333333333334,0.20248333333333338
0.17669999999999997,0.18952500000000003,0.19776666666666673,0.20315000000000003
0.1771,0.1900333333333333,0.19779166666666673,0.20350833333333332
0.17709166666666662,0.19000833333333333,0.19730833333333334,0.2040833333333333
0.17727499999999996,0.18991666666666665,0.1966416666666667,0.2038416666666667
0.17744166666666664,0.1897,0.19594999999999996,0.20357499999999998
0.17759999999999998,0.18946666666666664,0.19515833333333332,0.20334166666666664
0.1777333333333333,0.18916666666666662,0.19448333333333334,0.2031333333333333
0.177925,0.18880833333333336,0.19387500000000002,0.20253333333333332
0.17803333333333335,0.18821666666666667,0.1931666666666667,0.20192500000000002
0.17800000000000002,0.1875,0.19260833333333335,0.2020166666666667
0.1776333333333333,0.18664999999999998,0.19177500000000003,0.20133333333333336
0.17731666666666665,0.18576666666666664,0.19081666666666666,0.20040000000000002
0.17681666666666665,0.18460833333333335,0.18971666666666667,0.19469166666666668
0.17626666666666665,0.18370833333333333,0.18900833333333333,0.19455
0.17728333333333335,0.18547499999999997,0.19166666666666668,0.19667500000000002
0.17683333333333331,0.18730000000000002,0.19333333333333333,0.19871666666666665
0.1763916666666667,0.1887833333333333,0.1940916666666667,0.1991666666666667
0.17555833333333334,0.18859166666666669,0.19485,0.2017916666666667
0.17523333333333332,0.18912499999999996,0.19553333333333334,0.20216666666666663
0.17484166666666665,0.18923333333333334,0.19507499999999997,0.20259166666666673
0.1745,0.19019999999999995,0.19276666666666664,0.20380833333333337
0.17416666666666666,0.19071666666666665,0.19234166666666672,0.20452499999999998
0.173825,0.1915416666666667,0.18009166666666668,0.2051333333333333
0.173825,0.19130833333333333,0.17873333333333338,0.20523333333333338
0.17361666666666667,0.19112500000000002,0.1770166666666667,0.20492500000000002
0.17355,0.19052500000000003,0.17594999999999997,0.20457499999999995
0.17337500000000003,0.18987500000000002,0.17511666666666661,0.20419999999999996
0.17333333333333334,0.18962500000000002,0.1745833333333333,0.20385833333333328
0.17314166666666667,0.18894999999999998,0.1743333333333333,0.20341666666666666
0.172975,0.1883,0.17404166666666665,0.20274166666666663
0.17325833333333332,0.18768333333333334,0.17358333333333334,0.20227499999999998
0.173125,0.18766666666666665,0.1725833333333333,0.2019
0.17299166666666665,0.18683333333333338,0.17181666666666665,0.201375
0.17245,0.18590000000000004,0.17128333333333334,0.20070833333333335
0.17208333333333334,0.18457500000000004,0.17099166666666665,0.19970000000000002
0.17126666666666668,0.18389166666666668,0.170125,0.194025
0.17038333333333333,0.18224166666666666,0.16910833333333333,0.19249166666666664
0.16950833333333337,0.1811,0.16854166666666667,0.19161666666666663
0.171975,0.18331666666666668,0.171075,0.19461666666666666
0.171175,0.185125,0.17339999999999997,0.19605000000000003
0.17063333333333333,0.18565833333333334,0.17403333333333335,0.19694166666666665
0.16999166666666665,0.18565,0.17424166666666666,0.19695833333333335
0.16913333333333333,0.18575833333333333,0.17506666666666668,0.19710000000000003
0.168975,0.18604166666666666,0.17580833333333334,0.19785833333333336
0.16854166666666667,0.1865083333333333,0.17668333333333333,0.19861666666666666
0.16795833333333335,0.186725,0.17790833333333336,0.19963333333333336
0.1678166666666667,0.1872166666666667,0.17877500000000002,0.20037500000000005
0.167825,0.18688333333333332,0.17934166666666665,0.20065
0.16743333333333332,0.18630833333333338,0.17945,0.20043333333333335
0.16724166666666665,0.18598333333333336,0.17928333333333335,0.20000833333333332
0.16689166666666666,0.185125,0.17920000000000003,0.19959166666666664
0.16648333333333332,0.18441666666666667,0.17904166666666668,0.19912499999999997
0.1662833333333333,0.1837333333333333,0.17858333333333334,0.19904999999999995
0.16594166666666665,0.18356666666666666,0.17831666666666665,0.19883333333333333
0.16551666666666667,0.18303333333333335,0.17799166666666666,0.19847500000000004
0.16532500000000003,0.18230833333333332,0.17744166666666664,0.19807500000000003
0.1650416666666667,0.181775,0.17712499999999998,0.19773333333333332
0.16440833333333335,0.18185833333333334,0.17634166666666662,0.19744166666666665
0.16365833333333338,0.17440833333333336,0.17544166666666663,0.196775
0.16280000000000003,0.17251666666666665,0.17449999999999996,0.19587500000000002
0.16215833333333335,0.17117499999999997,0.17373333333333332,0.18955833333333336
0.16069166666666668,0.17010833333333333,0.17317499999999997,0.18885833333333335
0.164075,0.17442500000000002,0.17567500000000003,0.1910333333333333
0.16334166666666664,0.17650833333333335,0.17794999999999997,0.19273333333333334
0.16249999999999998,0.17729166666666663,0.1794833333333333,0.19339166666666666
0.16166666666666665,0.17742499999999997,0.179625,0.19370833333333334
0.16127500000000003,0.16800833333333332,0.18013333333333334,0.19427499999999998
0.16090833333333335,0.16845,0.1805083333333333,0.1946583333333333
0.16035833333333335,0.16670833333333335,0.18134166666666665,0.19534166666666672
0.16007500000000002,0.165725,0.18161666666666668,0.19594166666666668
0.15991666666666668,0.16474999999999998,0.181925,0.19623333333333337
0.15960000000000002,0.16296666666666668,0.1814916666666667,0.1960333333333333
0.15941666666666668,0.16237500000000002,0.18123333333333327,0.19574166666666662
0.15904166666666672,0.16153333333333333,0.18075833333333333,0.19555833333333336
0.158675,0.1608166666666667,0.18023333333333336,0.19525
0.15774166666666664,0.16094999999999998,0.18006666666666668,0.19490833333333332
0.15710833333333332,0.16040000000000001,0.17954166666666668,0.1945583333333333
0.15675,0.15989166666666663,0.17906666666666662,0.19429166666666667
0.156475,0.159425,0.17859166666666668,0.19399999999999998
0.15605833333333333,0.15988333333333335,0.17859166666666668,0.19368333333333335
0.15580833333333335,0.16068333333333334,0.17805,0.1932583333333333
0.15510833333333332,0.159625,0.17734999999999998,0.1925916666666667
0.154525,0.15851666666666667,0.17630833333333332,0.19161666666666666
0.15360833333333332,0.15813333333333332,0.17560833333333334,0.19036666666666668
0.15289166666666668,0.15640833333333334,0.1741166666666667,0.18894999999999995
0.15145833333333333,0.15605,0.17322500000000005,0.1878
0.15470833333333336,0.1600333333333333,0.175725,0.19016666666666662
0.15415833333333331,0.1640083333333333,0.178025,0.19198333333333337
0.15330000000000002,0.16458333333333333,0.17835,0.1924916666666667
0.15235833333333335,0.16495833333333332,0.1783,0.1928
0.15175833333333333,0.15847499999999998,0.17846666666666666,0.19314166666666666
0.15129166666666669,0.15986666666666668,0.17885833333333334,0.19366666666666668
0.15075833333333336,0.15845,0.17907499999999998,0.1943
0.15035,0.15833333333333335,0.17951666666666669,0.19515833333333332
0.14881666666666668,0.1575,0.17984999999999998,0.19569999999999999
0.14850833333333333,0.15745833333333334,0.1797,0.19565
0.14790833333333334,0.1565333333333333,0.1791166666666667,0.19536666666666666
0.14740833333333334,0.15545833333333334,0.17870833333333333,0.1949833333333333
0.14695833333333333,0.15645,0.1779333333333333,0.19449166666666665
0.1467416666666667,0.15509166666666666,0.177275,0.19394999999999998
0.14642500000000003,0.1539,0.17664999999999997,0.19343333333333337
0.14579166666666668,0.15388333333333332,0.17639999999999997,0.19291666666666665
0.14546666666666666,0.15310833333333332,0.17594166666666666,0.19240833333333332
0.14520000000000002,0.1523,0.17534166666666665,0.19196666666666665
0.14453333333333335,0.15230833333333335,0.17461666666666667,0.19141666666666668
0.14411666666666667,0.15195833333333333,0.17403333333333335,0.19065000000000001
0.143375,0.15060000000000004,0.16738333333333333,0.18971666666666667
0.14241666666666666,0.14993333333333336,0.16535,0.18850833333333336
0.14131666666666667,0.1492333333333333,0.16364166666666666,0.18710833333333335
0.13994166666666671,0.147925,0.16175833333333337,0.18585833333333332
0.14554999999999998,0.15244166666666667,0.1647,0.18769166666666667
0.14488333333333334,0.154975,0.16601666666666667,0.18836666666666668
0.14454166666666668,0.15616666666666665,0.16636666666666666,0.1873583333333333
0.14365000000000003,0.14991666666666667,0.16618333333333338,0.18646666666666664
0.1430666666666667,0.15006666666666665,0.15729166666666664,0.18514166666666668
0.14276666666666668,0.14815833333333334,0.15767499999999998,0.18509999999999996
0.14255833333333334,0.14703333333333335,0.15593333333333334,0.18542500000000003
0.14251666666666668,0.14664166666666667,0.15484166666666666,0.1846833333333333
0.14259166666666667,0.14545,0.15423333333333333,0.17459166666666667
0.14289166666666667,0.14391666666666666,0.15305,0.17309166666666664
0.14305833333333334,0.14354999999999998,0.15290833333333334,0.17141666666666666
0.14312500000000003,0.14234166666666664,0.15238333333333334,0.17028333333333334
0.14305833333333337,0.14285,0.15192499999999998,0.16954166666666667
0.1432166666666667,0.14192499999999997,0.151475,0.16903333333333334
0.14249166666666668,0.14191666666666664,0.15200833333333333,0.16865
0.142075,0.1409,0.15159166666666665,0.1675333333333333
0.14191666666666666,0.14164999999999997,0.1512083333333333,0.16576666666666665
0.14175,0.14146666666666666,0.15085833333333332,0.1639916666666667
0.14135833333333334,0.14122500000000002,0.1524,0.1628666666666667
0.14108333333333334,0.14029166666666668,0.15159166666666665,0.16228333333333333
0.14024166666666668,0.14039166666666666,0.15055833333333332,0.1618666666666667
0.1395916666666667,0.1391666666666667,0.14935833333333332,0.16086666666666669
0.1383,0.13894166666666666,0.14858333333333332,0.1597083333333333
0.13713333333333336,0.13739166666666666,0.14790833333333336,0.15905833333333336
0.14240833333333333,0.14524166666666666,0.15164999999999998,0.16140833333333335
0.14214999999999997,0.14826666666666666,0.154425,0.16396666666666665
0.14178333333333332,0.15082500000000001,0.15539166666666665,0.1640083333333333
0.14171666666666666,0.15085833333333332,0.15520833333333334,0.16364166666666666
0.14123333333333335,0.1448833333333333,0.14930000000000002,0.16456666666666667
0.14110000000000003,0.145775,0.1497,0.165375
0.14123333333333332,0.14481666666666668,0.149075,0.16648333333333334
0.14150833333333337,0.144225,0.14895,0.16831666666666664
0.1419416666666667,0.14543333333333333,0.14978333333333335,0.1698666666666667
0.14233333333333334,0.14559166666666665,0.14992500000000003,0.1708416666666667
0.14255833333333337,0.14679166666666665,0.15054166666666668,0.17109166666666667
0.14263333333333336,0.14653333333333332,0.15146666666666667,0.17070833333333335
0.14276666666666668,0.146525,0.1519,0.17020833333333338
0.14300000000000002,0.14639166666666664,0.15094166666666667,0.1696
0.14315833333333333,0.14575833333333332,0.1507,0.16895833333333332
0.14317499999999997,0.14470000000000002,0.15000000000000002,0.16859999999999997
0.14329999999999998,0.14465833333333333,0.14941666666666667,0.16822499999999996
0.143425,0.14395000000000002,0.149375,0.16784999999999997
0.1432166666666667,0.14425833333333335,0.14864166666666667,0.1674083333333333
0.1430916666666667,0.1431916666666667,0.14847500000000002,0.16641666666666666
0.1421916666666667,0.1430416666666667,0.14808333333333337,0.1654083333333333
0.1406,0.14246666666666669,0.14665833333333336,0.16434999999999997
0.13957500000000003,0.14141666666666666,0.14677500000000002,0.1632083333333333
0.1383,0.14065833333333333,0.14500833333333332,0.1621333333333333
0.142425,0.14737499999999998,0.15027499999999996,0.16390833333333332
0.14199166666666665,0.15014166666666667,0.15164166666666665,0.16605833333333334
0.14220833333333335,0.15277500000000002,0.1534,0.16747499999999996
0.14228333333333337,0.15348333333333333,0.14502500000000004,0.166575
0.14283333333333334,0.1458583333333333,0.14500833333333332,0.166625
0.14357499999999998,0.14588333333333334,0.14379166666666668,0.16671666666666665
0.14416666666666667,0.1451083333333333,0.14360000000000003,0.16758333333333333
0.14471666666666663,0.14459166666666665,0.14343333333333333,0.16806666666666667
0.1452583333333333,0.1441916666666667,0.14265833333333333,0.16941666666666666
0.14574166666666663,0.14531666666666668,0.14234166666666667,0.17024166666666665
0.14611666666666667,0.14485,0.14274166666666666,0.17116666666666666
0.14665833333333333,0.14462500000000003,0.14204166666666665,0.17107499999999998
0.14698333333333333,0.14375833333333335,0.14255,0.17066666666666666
0.14725833333333335,0.14458333333333334,0.14208333333333334,0.17054999999999998
0.14735,0.14391666666666666,0.14228333333333334,0.17010833333333333
0.14751666666666668,0.14419166666666666,0.14234166666666667,0.16975833333333334
0.14755833333333335,0.14377500000000001,0.144025,0.1694
0.14686666666666667,0.143425,0.14484166666666667,0.16940833333333338
0.14654166666666665,0.14451666666666665,0.14499166666666666,0.16906666666666667
0.14648333333333333,0.143975,0.14496666666666666,0.16846666666666665
0.14641666666666667,0.14383333333333334,0.14604166666666665,0.16754166666666667
0.14591666666666667,0.14244166666666666,0.14654999999999999,0.16584999999999997
0.14524166666666666,0.14220833333333333,0.14720833333333333,0.16467499999999996
0.144475,0.14154166666666668,0.1467166666666667,0.163175
0.147675,0.14711666666666667,0.15331666666666663,0.16515833333333332
0.14799166666666666,0.14956666666666668,0.15519166666666664,0.16631666666666664
0.14704166666666665,0.15228333333333333,0.15730833333333336,0.16653333333333334
0.14649166666666663,0.14658333333333332,0.157525,0.16679166666666664
0.14625000000000002,0.14832499999999998,0.14963333333333337,0.16719166666666663
0.14585,0.14670833333333333,0.14985833333333334,0.16693333333333335
0.145825,0.14656666666666665,0.1469166666666667,0.16639999999999996
0.14569166666666664,0.145325,0.14525000000000002,0.16591666666666668
0.14575833333333335,0.14496666666666666,0.14424166666666668,0.16569166666666668
0.14585,0.14364166666666664,0.14410000000000003,0.16524999999999998
0.14588333333333334,0.14335833333333334,0.14370833333333333,0.164875
0.14583333333333331,0.14325833333333335,0.14400833333333335,0.16471666666666668
0.14585,0.1437166666666667,0.14379166666666668,0.16429166666666664
0.14529166666666662,0.14335833333333334,0.14494166666666666,0.16396666666666668
0.1445833333333333,0.14378333333333335,0.14424166666666668,0.16366666666666668
0.14424166666666668,0.14343333333333333,0.1442166666666667,0.16359166666666666
0.1441666666666667,0.14359166666666667,0.143925,0.163375
0.14413333333333336,0.14346666666666666,0.14411666666666664,0.16299166666666667
0.143925,0.14263333333333336,0.14442499999999997,0.16255
0.14359166666666667,0.14263333333333333,0.14422500000000002,0.16215833333333332
0.143025,0.14238333333333333,0.14375833333333332,0.1578
0.14249166666666668,0.141875,0.14375,0.15617499999999998
0.14154166666666668,0.14050833333333335,0.14300833333333332,0.15475
0.14034166666666667,0.14028333333333334,0.14299166666666668,0.15320833333333336
0.14524166666666663,0.14484166666666667,0.15019166666666667,0.15736666666666668
0.14491666666666667,0.150475,0.15303333333333333,0.15961666666666666
0.14454999999999998,0.14685833333333334,0.1555416666666667,0.16008333333333333
0.143775,0.14793333333333333,0.15617499999999998,0.16008333333333333
0.143275,0.14644166666666666,0.14725000000000002,0.1543833333333333
0.1430833333333333,0.14706666666666665,0.14655,0.15464166666666665
0.14289166666666667,0.14559999999999998,0.14426666666666668,0.15232500000000002
0.14269166666666666,0.14556666666666668,0.14215000000000003,0.150925
0.14294166666666666,0.14481666666666668,0.14084166666666667,0.1498833333333333
0.14295833333333333,0.14572500000000002,0.14072500000000002,0.148775
0.14294166666666666,0.1452166666666667,0.139425,0.1487
0.14296666666666666,0.14480833333333332,0.13946666666666666,0.14846666666666666
0.14301666666666665,0.14529999999999998,0.13899166666666668,0.14817499999999997
0.14312499999999997,0.14476666666666665,0.14021666666666666,0.14806666666666668
0.15095,0.14370833333333333,0.14014999999999997,0.14882499999999999
0.15162499999999998,0.1441,0.14086666666666667,0.14903333333333335
0.1518,0.14423333333333335,0.14104166666666668,0.14925833333333335
0.15108333333333332,0.143975,0.14180833333333334,0.14946666666666666
0.15059166666666665,0.14475,0.14253333333333335,0.1513
0.15202500000000002,0.14465000000000003,0.142975,0.15086666666666668
0.1516,0.14398333333333332,0.14275833333333335,0.15028333333333335
0.15093333333333334,0.14459166666666665,0.1421666666666667,0.14994166666666667
0.14938333333333334,0.14346666666666666,0.14184166666666667,0.14876666666666669
0.147375,0.14339166666666664,0.14185,0.1487
0.14995833333333333,0.14792499999999997,0.14722500000000002,0.15161666666666668
0.1492,0.15034166666666668,0.14940833333333334,0.1533
0.14830833333333335,0.15127499999999997,0.152025,0.15367499999999998
0.14791666666666667,0.145025,0.14405833333333332,0.15294166666666667
0.14733333333333334,0.143825,0.14440833333333333,0.1471166666666667
0.14695,0.14257499999999998,0.14156666666666667,0.14626666666666668
0.14648333333333333,0.1414,0.14046666666666666,0.14450833333333335
0.14564166666666667,0.14143333333333333,0.13905833333333334,0.143075
0.14470833333333336,0.14094166666666666,0.1386583333333333,0.14254166666666665
0.14411666666666667,0.14129166666666665,0.13751666666666668,0.14186666666666664
0.14379166666666668,0.14125833333333335,0.13744166666666663,0.141825
0.14340833333333336,0.14093333333333333,0.1370833333333333,0.14245
0.14324166666666666,0.14160000000000003,0.13827499999999995,0.143375
0.14304166666666668,0.14125000000000001,0.13809166666666664,0.14336666666666667
0.14294166666666666,0.148225,0.1386083333333333,0.14376666666666668
0.14268333333333336,0.14783333333333334,0.13850833333333332,0.14402500000000001
0.14259999999999998,0.1474583333333333,0.13838333333333336,0.144875
0.14236666666666667,0.14654999999999999,0.139075,0.1456666666666667
0.14213333333333333,0.146575,0.13855,0.14545833333333333
0.141925,0.14726666666666666,0.13875,0.14572500000000002
0.14148333333333332,0.14676666666666668,0.13880833333333334,0.14546666666666666
0.14069166666666666,0.14606666666666665,0.1384666666666667,0.14433333333333334
0.13979166666666665,0.14439166666666667,0.13765833333333335,0.14435
0.13878333333333334,0.14245,0.13740000000000002,0.14270833333333335
0.1444416666666667,0.14485833333333334,0.14017500000000002,0.14554166666666665
0.14395,0.14686666666666667,0.14391666666666666,0.1463
0.1431333333333333,0.14336666666666667,0.13837499999999997,0.14698333333333333
0.142675,0.14354999999999998,0.13784166666666664,0.1399166666666667
0.14238333333333333,0.1414,0.1349,0.13863333333333336
0.14216666666666664,0.14059999999999997,0.13404999999999997,0.13525
0.14179999999999998,0.13960833333333336,0.132825,0.13300833333333334
0.141725,0.13917500000000002,0.13315833333333335,0.13225
0.14185833333333334,0.13774166666666668,0.13291666666666666,0.13104166666666667
0.14184166666666664,0.1368,0.13406666666666664,0.13015833333333335
0.14176666666666665,0.137475,0.13392499999999996,0.13005000000000003
0.14144166666666666,0.1366666666666667,0.13383333333333333,0.12966666666666665
0.1412583333333333,0.13615833333333335,0.13450833333333334,0.13031666666666666
0.14080833333333329,0.13650000000000004,0.13434999999999997,0.1299666666666667
0.13995,0.13663333333333336,0.133575,0.13028333333333336
0.13959999999999997,0.13610833333333336,0.13385,0.13031666666666666
0.13932499999999998,0.13659166666666667,0.13406666666666667,0.1325916666666667
0.139,0.13597499999999998,0.13381666666666667,0.13629166666666667
0.13886666666666667,0.1359166666666667,0.13425833333333334,0.13712500000000002
0.13825833333333334,0.13595833333333332,0.13428333333333334,0.1381
0.13765833333333333,0.13544166666666668,0.13349166666666668,0.13976666666666668
0.13689166666666666,0.13488333333333336,0.13375,0.13988333333333333
0.13598333333333332,0.13375,0.1325333333333333,0.13974166666666663
0.1346083333333333,0.1327583333333333,0.13186666666666666,0.1386583333333333
0.14171666666666666,0.13998333333333332,0.1368833333333333,0.14363333333333334
0.14152499999999998,0.14398333333333335,0.14120833333333332,0.14725
0.14121666666666668,0.142925,0.14273333333333332,0.14916666666666667
0.14109166666666664,0.14318333333333333,0.13654166666666667,0.14906666666666665
0.14122500000000002,0.14413333333333334,0.1363666666666667,0.14315
0.14173333333333335,0.144875,0.13607500000000003,0.14365833333333333
0.14153333333333332,0.14575833333333332,0.13594166666666668,0.14258333333333337
0.14155833333333334,0.14611666666666667,0.13695833333333332,0.142175
0.14176666666666668,0.14619166666666666,0.137275,0.14245
0.14184166666666667,0.14688333333333334,0.13750833333333337,0.14179166666666668
0.14085833333333334,0.14611666666666664,0.13730833333333334,0.14175000000000001
0.1404166666666667,0.14533333333333334,0.13688333333333333,0.14140833333333333
0.140025,0.14529166666666665,0.13727499999999998,0.14144166666666666
0.13985,0.14414166666666664,0.13680833333333334,0.14170833333333333
0.13963333333333333,0.14368333333333333,0.14004166666666665,0.14152499999999998
0.13940833333333336,0.1427,0.13964166666666666,0.14109166666666664
0.13908333333333336,0.14234166666666664,0.13928333333333334,0.1410916666666667
0.13847500000000004,0.14185,0.13851666666666665,0.14084166666666667
0.13800833333333334,0.1417,0.13895,0.14129166666666668
0.13739166666666666,0.14122500000000002,0.139125,0.14086666666666667
0.13695000000000002,0.1408083333333333,0.138925,0.14089166666666667
0.1361416666666667,0.14029999999999998,0.13868333333333335,0.14079166666666668
0.1350916666666667,0.13999999999999999,0.1379,0.14045
0.134,0.1393083333333333,0.13768333333333332,0.14065833333333333
0.14281666666666668,0.14971666666666666,0.14335,0.14740833333333334
0.142475,0.1521833333333333,0.14676666666666668,0.150475
0.14195,0.14872500000000002,0.14350833333333332,0.15240833333333337
0.14170833333333335,0.14916666666666667,0.14444166666666666,0.153
0.14189166666666667,0.14808333333333334,0.1441,0.14665
0.1420833333333333,0.1486916666666667,0.1452166666666667,0.14680833333333335
0.14214999999999997,0.1486333333333333,0.14585833333333334,0.14629166666666668
0.14230833333333334,0.14825833333333333,0.1466916666666667,0.14600833333333335
0.142475,0.14931666666666665,0.14644166666666666,0.14590000000000003
0.14265000000000003,0.14929166666666663,0.1464,0.14604166666666668
0.14259999999999998,0.14860833333333334,0.14728333333333335,0.1459916666666667
0.14279166666666668,0.14769166666666667,0.14635,0.1452166666666667
0.14275000000000002,0.1475,0.14570833333333336,0.14504166666666665
0.14221666666666669,0.14719166666666667,0.14582499999999998,0.1451666666666667
0.14144166666666666,0.14695,0.14577500000000002,0.14524166666666666
0.1413666666666667,0.14653333333333335,0.1451583333333333,0.14496666666666666
0.1411666666666667,0.14640833333333333,0.14529999999999996,0.14485
0.14119166666666666,0.14576666666666666,0.1446333333333333,0.14515
0.14124166666666665,0.14530833333333334,0.1445833333333333,0.14543333333333333
0.14111666666666664,0.1447166666666667,0.14451666666666665,0.145575
0.14071666666666666,0.14430833333333334,0.14428333333333335,0.14537499999999998
0.14015,0.14328333333333332,0.14385,0.14472499999999996
0.13933333333333334,0.14170000000000002,0.14295833333333333,0.144225
0.13829999999999998,0.14046666666666666,0.14250000000000002,0.14391666666666666
0.1439,0.15004166666666668,0.15051666666666666,0.14900833333333333
0.14415000000000003,0.15176666666666663,0.15224166666666664,0.1512083333333333
0.14315000000000003,0.14739166666666667,0.1498083333333333,0.15320833333333334
0.14255,0.14801666666666666,0.15030833333333332,0.14801666666666666
0.1421583333333333,0.14729166666666665,0.15129999999999996,0.14918333333333333
0.1416666666666667,0.14718333333333333,0.1525,0.1482333333333333
0.14138333333333333,0.14664166666666667,0.153425,0.1482166666666667
0.14095833333333332,0.14645,0.15394999999999995,0.14788333333333334
0.14091666666666666,0.145175,0.1534333333333333,0.14765833333333336
0.140875,0.1448,0.15405833333333332,0.14658333333333337
0.14066666666666663,0.14368333333333333,0.15348333333333333,0.146025
0.13895,0.1440833333333333,0.15290833333333334,0.14563333333333334
0.13857499999999998,0.14344166666666666,0.15286666666666668,0.14610833333333334
0.13803333333333334,0.14317500000000002,0.1519333333333333,0.14589166666666667
0.13765000000000002,0.1421666666666667,0.15168333333333334,0.14600833333333332
0.13720833333333335,0.14208333333333337,0.15091666666666667,0.14590833333333333
0.136725,0.14165,0.15061666666666665,0.14578333333333335
0.136225,0.1416666666666667,0.15035,0.1461916666666667
0.13579166666666667,0.14130833333333334,0.15009999999999998,0.14580833333333335
0.135275,0.14105,0.14959166666666665,0.1457083333333333
0.13447499999999998,0.14046666666666668,0.1491333333333333,0.14567499999999997
0.13341666666666666,0.13971666666666668,0.14848333333333333,0.14523333333333333
0.13197499999999998,0.13881666666666667,0.147825,0.14434166666666667
0.13063333333333332,0.13765833333333335,0.14689166666666667,0.144025
0.138475,0.14436666666666667,0.15580000000000002,0.14805
0.13923333333333332,0.149,0.15756666666666663,0.15155833333333332
0.13720833333333332,0.1449,0.15238333333333334,0.1481666666666667
0.13614166666666666,0.14509166666666665,0.1523333333333333,0.14861666666666667
0.13520833333333332,0.14446666666666666,0.15032500000000001,0.14805833333333338
0.13445833333333332,0.14395,0.15100833333333333,0.14879166666666668
0.133875,0.14389166666666667,0.15001666666666666,0.14942500000000003
0.1333166666666667,0.14354999999999998,0.14994999999999997,0.15057500000000001
0.13280833333333336,0.14459166666666665,0.15074166666666666,0.15129166666666669
0.1324,0.14475000000000002,0.15068333333333334,0.152375
0.13214166666666669,0.14475,0.150725,0.15220833333333333
0.1318166666666667,0.14251666666666665,0.14984166666666665,0.15190833333333334
0.1314416666666667,0.1422083333333333,0.1497583333333333,0.15193333333333334
0.1308,0.14116666666666663,0.14981666666666665,0.15172500000000003
0.13043333333333337,0.14102499999999998,0.149525,0.15117499999999998
0.12987500000000002,0.14011666666666667,0.14955,0.15107500000000001
0.12936666666666669,0.13986666666666667,0.1491833333333333,0.15113333333333337
0.1289416666666667,0.13935833333333333,0.14889166666666664,0.15090833333333334
0.12834166666666666,0.13905833333333328,0.14852500000000002,0.15105
0.12771666666666667,0.13859166666666664,0.14795000000000003,0.15094166666666667
0.12700000000000003,0.13755833333333334,0.14731666666666668,0.1501833333333333
0.1262,0.1362,0.1462166666666667,0.14980000000000002
0.12492500000000002,0.1346583333333333,0.1446833333333333,0.1486333333333333
0.12369999999999999,0.13376666666666667,0.14398333333333332,0.14840833333333334
0.13474999999999998,0.14248333333333332,0.15306666666666666,0.15317499999999998
0.13571666666666665,0.1433333333333333,0.15497499999999995,0.15543333333333334
0.13424166666666668,0.14177499999999998,0.149,0.15612499999999999
0.132425,0.14045,0.14896666666666666,0.1518083333333333
0.13162500000000002,0.13965000000000002,0.147675,0.15219166666666664
0.13094999999999998,0.13898333333333335,0.14767500000000003,0.15235833333333335
0.13011666666666669,0.1383,0.14716666666666667,0.1527
0.12949999999999998,0.1379,0.14678333333333335,0.1536
0.12894166666666668,0.1373,0.1471916666666667,0.154
0.12818333333333332,0.13667499999999996,0.14643333333333333,0.15431666666666663
0.12755833333333336,0.13583333333333333,0.1464,0.15413333333333332
0.12706666666666663,0.13455,0.14609999999999998,0.15366666666666665
0.12643333333333331,0.13425,0.14579166666666665,0.15354166666666666
0.1257916666666666,0.1330583333333333,0.14545,0.15314999999999998
0.12509999999999996,0.13285833333333336,0.14490833333333333,0.15275
0.12449999999999999,0.13183333333333333,0.14469166666666666,0.15259166666666668
0.12405833333333333,0.13169166666666665,0.14463333333333334,0.15248333333333333
0.12358333333333331,0.130825,0.14445833333333336,0.15251666666666666
0.12326666666666668,0.13056666666666666,0.14450833333333332,0.15390833333333334
0.12276666666666665,0.13001666666666664,0.14435833333333334,0.15214166666666668
0.12213333333333333,0.12956666666666666,0.14390833333333333,0.15188333333333334
0.12127500000000001,0.12890833333333332,0.1433,0.1516833333333333
0.1203583333333333,0.127925,0.14270000000000002,0.15182500000000002
0.11904166666666664,0.12696666666666667,0.14238333333333333,0.15131666666666668
0.12369999999999999,0.13785,0.14854166666666666,0.1552666666666667
0.1342,0.1431,0.15259999999999999,0.157825
0.13277499999999998,0.13915833333333336,0.14838333333333334,0.15609166666666666
0.13118333333333335,0.1388416666666667,0.14838333333333334,0.15733333333333333
0.13030833333333333,0.13804166666666667,0.14810833333333334,0.15782499999999997
0.12998333333333334,0.13760000000000003,0.14805833333333332,0.15888333333333332
0.12942500000000004,0.13743333333333338,0.14859166666666665,0.15996666666666667
0.1290166666666667,0.137375,0.1486833333333333,0.16109166666666666
0.12889166666666665,0.13767500000000002,0.15009166666666665,0.16175833333333334
0.12871666666666667,0.13772500000000001,0.15091666666666667,0.16263333333333332
0.12858333333333333,0.1378583333333333,0.15204166666666666,0.16329166666666664
0.12849166666666667,0.13796666666666665,0.15155,0.16355833333333333
0.12838333333333332,0.13736666666666666,0.151725,0.16374999999999998
0.12849999999999998,0.13644166666666666,0.1509333333333333,0.163525
0.12835,0.13546666666666665,0.15066666666666664,0.16328333333333334
0.1283333333333333,0.13468333333333335,0.14997499999999997,0.1628416666666667
0.12821666666666665,0.13401666666666665,0.14969999999999997,0.16246666666666668
0.12809999999999996,0.13344166666666665,0.14930833333333332,0.1627
0.12804166666666666,0.13300833333333334,0.14900833333333333,0.1622666666666667
0.1275916666666667,0.13242500000000001,0.1488,0.16198333333333334
0.12698333333333334,0.1316166666666667,0.1482083333333333,0.16156666666666666
0.12658333333333335,0.13078333333333333,0.14755833333333332,0.1608333333333333
0.12584166666666666,0.12985,0.14672499999999997,0.16009166666666666
0.12528333333333333,0.12852499999999997,0.146125,0.15925
0.12612083333333332,0.12927499999999997,0.14919999999999997,0.161425
0.12689999999999999,0.134575,0.1454166666666667,0.16014166666666665
0.126275,0.13014999999999996,0.14195833333333335,0.15690833333333332
0.12492500000000002,0.12659166666666666,0.13893333333333333,0.15584166666666666
0.12415833333333332,0.12426666666666665,0.13671666666666665,0.15544166666666667
0.12358333333333332,0.12264166666666665,0.13475833333333334,0.15535833333333335
0.12290000000000001,0.12115,0.133375,0.15556666666666666
0.12235833333333333,0.11954166666666666,0.13173333333333334,0.1551
0.12199166666666666,0.11844999999999999,0.13055000000000003,0.15491666666666662
0.12154166666666666,0.11751666666666667,0.12992499999999998,0.15559166666666666
0.12124166666666665,0.11676666666666667,0.129325,0.15543333333333328
0.12096666666666667,0.11567500000000001,0.129625,0.1553
0.12078333333333334,0.116075,0.129225,0.15549166666666667
0.120475,0.11585833333333334,0.129325,0.15510000000000002
0.12023333333333332,0.116475,0.12901666666666667,0.15519999999999998
0.11990833333333333,0.11626666666666667,0.12911666666666666,0.15481666666666666
0.11967499999999999,0.11685,0.12870833333333334,0.1547833333333333
0.11941666666666667,0.11664166666666666,0.12896666666666667,0.1547833333333333
0.11899166666666665,0.11729999999999997,0.12858333333333336,0.15485
0.11850833333333334,0.11691666666666667,0.12870833333333334,0.15475833333333333
0.11802499999999999,0.11720833333333332,0.12885833333333335,0.15466666666666665
0.11728333333333334,0.11750000000000001,0.12910000000000002,0.15458333333333332
0.11667499999999999,0.11773333333333334,0.12908333333333333,0.15471666666666664
0.12434166666666667,0.11821666666666668,0.12899166666666664,0.15469999999999998
0.12548333333333334,0.11763333333333331,0.13604166666666667,0.15936666666666668
0.124825,0.12049166666666666,0.1380833333333333,0.15889166666666668
0.12399999999999999,0.11951666666666666,0.13047500000000004,0.15283333333333332
0.12270833333333332,0.11919166666666665,0.12784166666666666,0.15185833333333332
0.12115833333333333,0.11819999999999999,0.1255666666666667,0.14909999999999998
0.11954999999999998,0.11843333333333332,0.12369166666666669,0.14845833333333333
0.11831666666666667,0.11759166666666666,0.12244166666666668,0.14756666666666668
0.14164166666666664,0.117975,0.12121666666666668,0.1466
0.14241666666666666,0.11759166666666669,0.12056666666666667,0.14723333333333335
0.1408,0.1179,0.12017499999999999,0.14753333333333335
0.13949999999999999,0.11765000000000002,0.12041666666666667,0.14801666666666666
0.140425,0.11829166666666667,0.12093333333333334,0.14909166666666665
0.14622500000000002,0.11833333333333333,0.12144999999999999,0.14973333333333333
0.15599166666666667,0.119075,0.12208333333333334,0.1512
0.1754,0.1208,0.12528333333333333,0.1575083333333333
0.1759833333333333,0.12565833333333332,0.13015,0.16305833333333333
0.17613333333333328,0.12885,0.13335,0.1669333333333333
0.17581666666666665,0.131875,0.1357,0.16895833333333332
0.17537499999999998,0.13330833333333333,0.1377333333333333,0.1701083333333333
0.17521666666666666,0.13498333333333334,0.139275,0.17073333333333338
0.17473333333333332,0.13573333333333334,0.1405583333333333,0.1715083333333333
0.17844999999999997,0.13694166666666668,0.14210833333333336,0.17255
0.1817,0.137525,0.14368333333333333,0.17376666666666662
0.1811,0.14591666666666667,0.14465833333333333,0.17499999999999996
0.18037500000000004,0.147575,0.14749166666666666,0.1805
0.17969166666666667,0.14795,0.155,0.18086666666666665
0.17925000000000002,0.14905,0.15222499999999997,0.17571666666666666
0.17890000000000003,0.14912499999999998,0.14992499999999997,0.17598333333333335
0.17873333333333333,0.14939166666666667,0.14895,0.17513333333333334
0.17883333333333332,0.14925833333333335,0.14875833333333335,0.17553333333333332
0.179125,0.14948333333333333,0.14851666666666666,0.17599166666666669
0.18053333333333335,0.17047500000000002,0.14850833333333333,0.17652500000000002
0.18010833333333331,0.17234166666666664,0.14871666666666666,0.176925
0.17959166666666668,0.17175833333333332,0.14885833333333334,0.17765
0.17894999999999997,0.1714,0.149025,0.1782583333333333
0.17848333333333333,0.173075,0.14885,0.17919166666666664
0.1781083333333333,0.17903333333333335,0.14978333333333332,0.17994166666666667
0.177775,0.18838333333333332,0.15008333333333335,0.1804916666666667
0.17734166666666665,0.20337499999999997,0.15099166666666666,0.1808166666666667
0.17686666666666664,0.20033333333333334,0.15110833333333332,0.18125
0.17641666666666667,0.19887500000000002,0.15188333333333334,0.181725
0.17606666666666668,0.19684166666666666,0.15191666666666667,0.18204166666666666
0.17570000000000005,0.19483333333333333,0.1525416666666667,0.18240833333333337
0.17506666666666668,0.192975,0.1521,0.18241666666666664
0.17445,0.191075,0.15199166666666666,0.18200833333333336
0.17365833333333333,0.19230000000000003,0.15163333333333337,0.18140833333333337
0.17289166666666667,0.19265833333333338,0.15096666666666667,0.1806416666666667
0.17216666666666666,0.18961666666666666,0.15024999999999997,0.17965
0.17145,0.18595833333333336,0.14861666666666662,0.18048333333333333
0.17066666666666666,0.18250000000000002,0.15144166666666664,0.18032499999999999
0.16993333333333335,0.17961666666666667,0.14996666666666666,0.17403333333333335
0.1693,0.17659999999999998,0.14910833333333331,0.17218333333333333
0.16855,0.174525,0.14785833333333334,0.16989999999999997
0.16779999999999998,0.17250833333333335,0.14773333333333333,0.16821666666666665
0.16720000000000002,0.17135833333333336,0.14678333333333335,0.16766666666666666
0.16665000000000002,0.17267500000000002,0.14734166666666665,0.16679166666666667
0.16623333333333332,0.17125833333333332,0.14705,0.167
0.165775,0.16980000000000003,0.147275,0.16701666666666667
0.16522499999999998,0.16904166666666665,0.14696666666666666,0.16744166666666663
0.16464166666666666,0.16774166666666668,0.14739999999999998,0.16677499999999998
0.1641583333333333,0.16668333333333332,0.147275,0.167075
0.16369999999999998,0.16634166666666664,0.14764999999999998,0.16699166666666665
0.16306666666666667,0.16519999999999999,0.14737499999999998,0.16725833333333331
0.16262500000000002,0.16415833333333338,0.14775833333333332,0.16718333333333332
0.16210833333333333,0.16395,0.147425,0.16734166666666664
0.16170833333333334,0.16290833333333332,0.14789166666666667,0.1673583333333333
0.161125,0.16289166666666668,0.14732499999999996,0.1673083333333333
0.16061666666666666,0.1623833333333333,0.14704166666666663,0.16706666666666667
0.15989166666666665,0.16090833333333335,0.14579166666666668,0.16635
0.15924999999999997,0.16096666666666667,0.14456666666666665,0.16540833333333335
0.15840833333333335,0.15915833333333335,0.142375,0.16405000000000003
0.15773333333333334,0.15895,0.14575833333333335,0.16261666666666666
0.156875,0.157825,0.14461666666666664,0.16440000000000002
0.155825,0.1572,0.14254166666666665,0.16010833333333332
0.15484166666666666,0.1561,0.14083333333333334,0.15596666666666664
0.15366666666666665,0.15510000000000002,0.13891666666666663,0.1525166666666667
0.15246666666666664,0.15364999999999998,0.13696666666666665,0.14986666666666668
0.15130833333333332,0.15265,0.13469166666666663,0.14763333333333337
0.15039166666666665,0.15195,0.13339166666666663,0.14627500000000002
0.14948333333333333,0.15165,0.14764166666666664,0.14545
0.14889166666666667,0.15086666666666668,0.1489,0.14481666666666668
0.14819166666666667,0.151475,0.14770833333333333,0.14443333333333333
0.147425,0.15069166666666664,0.14672499999999997,0.14415833333333333
0.146875,0.15035833333333332,0.14743333333333333,0.14450833333333332
0.14621666666666666,0.14950833333333333,0.15156666666666666,0.14446666666666666
0.14554166666666662,0.15009999999999998,0.15775,0.14469166666666666
0.14495833333333333,0.14903333333333335,0.16974166666666668,0.14464166666666667
0.14430833333333332,0.14881666666666665,0.16605833333333334,0.14488333333333334
0.1439108472998138,0.14786666666666667,0.16401666666666667,0.144725
0.1434800279329609,0.148475,0.16188333333333338,0.14503333333333332
0.14306587523277467,0.14745,0.1601916666666667,0.144875
0.14250172253258844,0.14718333333333333,0.158825,0.1449083333333333
0.1419292364990689,0.14673333333333333,0.15714999999999998,0.14442499999999997
0.14115675046554937,0.14585833333333334,0.15818333333333334,0.14367499999999997
0.14044259776536314,0.14593333333333333,0.15884166666666666,0.14265833333333333
0.1396951117318436,0.14540833333333333,0.15613333333333332,0.1410583333333333
0.13863095903165737,0.144625,0.153125,0.144975
0.13766680633147116,0.14335,0.14961666666666665,0.14506666666666668
0.1363943202979516,0.14231666666666667,0.1471,0.13710833333333336
0.13485516759776536,0.14155,0.14475833333333332,0.13412500000000002
0.13336601489757915,0.14019166666666666,0.14259166666666664,0.13116666666666665
0.1318268621973929,0.13948333333333332,0.14102499999999998,0.12903333333333333
0.13022104283054006,0.13860833333333336,0.13970833333333332,0.12749166666666667
0.12884022346368715,0.13771666666666668,0.14061666666666667,0.12649166666666667
0.12768440409683426,0.13728333333333334,0.13941666666666666,0.12588333333333335
0.12642858472998134,0.1365333333333333,0.13820833333333332,0.1253666666666667
0.12540609869646183,0.13578333333333334,0.1377,0.1253
0.12439194599627561,0.13528333333333334,0.136625,0.12539166666666668
0.12348612662942271,0.1346166666666667,0.13571666666666668,0.12545000000000003
0.12255530726256982,0.13419166666666665,0.13542500000000002,0.125475
0.12177448789571695,0.13384166666666666,0.13461666666666666,0.1255083333333333
0.12100200186219738,0.13325833333333334,0.1337,0.12550833333333333
0.12032951582867786,0.13315833333333335,0.13352499999999998,0.12555000000000002
0.11969869646182495,0.1329,0.1327583333333333,0.12561666666666668
0.11915121042830541,0.13283333333333333,0.132925,0.12578333333333336
0.11854539106145251,0.13220833333333334,0.1325083333333333,0.12553333333333336
0.11789790502793296,0.13181666666666664,0.13120833333333332,0.12492500000000002
0.11712541899441341,0.13147499999999998,0.13113333333333332,0.12404166666666668
0.11615293296089384,0.13094166666666665,0.12973333333333334,0.12305
0.11497211359404097,0.130175,0.12955,0.12133333333333335
0.13359129422718807,0.12929166666666667,0.1282333333333333,0.12077500000000001
0.13304380819366854,0.13119166666666665,0.129175,0.125725
0.13140465549348232,0.13579999999999995,0.13368333333333332,0.1265666666666667
0.13064050279329611,0.13694166666666666,0.1365666666666667,0.12610833333333335
0.1300263500931099,0.13711666666666666,0.1366083333333333,0.12516666666666668
0.12946219739292367,0.13547499999999998,0.13615000000000002,0.12334166666666664
0.12913971135940408,0.1338,0.13545833333333335,0.12160833333333333
0.1290338919925512,0.13224166666666667,0.134825,0.12028333333333331
0.12910307262569828,0.13104166666666667,0.1339916666666667,0.11933333333333333
0.12915558659217877,0.129775,0.13417500000000002,0.11848333333333334
0.12926643389199252,0.12876666666666667,0.13334166666666664,0.11765833333333336
0.12932728119180634,0.12775,0.132875,0.11736666666666666
0.12941312849162012,0.12691666666666668,0.13208333333333333,0.11708333333333333
0.12944064245810055,0.12595833333333337,0.13265833333333335,0.11740833333333335
0.12953482309124767,0.12520833333333334,0.13173333333333334,0.11730000000000002
0.12954567039106146,0.12440833333333334,0.131475,0.11767500000000002
0.1296481843575419,0.12377500000000001,0.13099166666666665,0.11764999999999999
0.12950069832402236,0.12317499999999999,0.13138333333333332,0.11800833333333334
0.12956987895716945,0.12266666666666666,0.13063333333333335,0.11804166666666667
0.12954739292364992,0.12210833333333332,0.13037500000000002,0.11816666666666668
0.12949157355679702,0.12143333333333334,0.13040833333333335,0.11765000000000002
0.1290107541899441,0.12060833333333336,0.1298,0.11747500000000001
0.12852160148975794,0.1193416666666667,0.12961666666666669,0.11675833333333335
0.1278824487895717,0.11805833333333333,0.12924166666666667,0.11613333333333337
0.12947662942271881,0.13448333333333334,0.130675,0.11695833333333333
0.12948747672253258,0.13578333333333334,0.13572499999999996,0.12375833333333335
0.12884832402234636,0.134825,0.13851666666666665,0.12615833333333332
0.12865083798882682,0.13446666666666665,0.13956666666666667,0.12695833333333334
0.12839501862197392,0.13402499999999998,0.1399916666666667,0.12710833333333332
0.12836419925512105,0.13410833333333333,0.1406666666666667,0.12774166666666667
0.1284000465549348,0.13443333333333335,0.14117500000000002,0.1280833333333333
0.1287192271880819,0.13508333333333333,0.14154166666666668,0.12895
0.1289300744878957,0.13573333333333332,0.14195833333333333,0.12940833333333332
0.1291659217877095,0.13585,0.14161666666666667,0.12938333333333332
0.12938510242085663,0.135825,0.141075,0.12890833333333332
0.12959594972067043,0.1357833333333333,0.140575,0.12872499999999998
0.12967346368715085,0.13575833333333334,0.1400416666666667,0.12831666666666663
0.12983431098696463,0.1353416666666667,0.139425,0.12812499999999996
0.12998682495344507,0.13562499999999997,0.13890833333333333,0.12767499999999996
0.1300310055865922,0.13520000000000001,0.13844166666666669,0.12755000000000002
0.13008351955307265,0.13544166666666665,0.13811666666666667,0.12713333333333335
0.13016936685288644,0.135,0.13776666666666665,0.12709166666666669
0.13021354748603356,0.13508333333333333,0.13745833333333332,0.1267
0.13012439478584734,0.13485833333333333,0.13690833333333333,0.126375
0.13000190875232778,0.13449166666666668,0.136425,0.12556666666666666
0.12952108938547488,0.13383333333333336,0.13590833333333333,0.12476666666666668
0.1291236033519553,0.13312500000000005,0.1352583333333333,0.12354166666666666
0.1285844506517691,0.132325,0.13485833333333333,0.12531666666666666
0.13041196461824953,0.134675,0.1368416666666667,0.12674166666666667
0.1302228119180633,0.1347583333333333,0.14070833333333332,0.129925
0.13059199255121046,0.134625,0.14266666666666666,0.13233333333333336
0.12995283985102415,0.13414999999999996,0.14282500000000004,0.13280833333333333
0.13028035381750466,0.13344166666666665,0.143325,0.13319166666666668
0.13072453445065174,0.13348333333333331,0.14344166666666666,0.13343333333333332
0.13142704841713224,0.13330833333333333,0.1434,0.13383333333333333
0.13202122905027933,0.13344999999999999,0.14314166666666667,0.14252499999999999
0.13269874301675977,0.13354166666666664,0.14271666666666669,0.14352499999999999
0.13345125698324026,0.13285,0.14167500000000002,0.142825
0.13401210428305396,0.133075,0.14070833333333335,0.14225833333333335
0.13445628491620112,0.1325916666666667,0.13971666666666668,0.1423583333333333
0.13483379888268154,0.13287500000000002,0.13888333333333333,0.14199166666666665
0.13519464618249533,0.13244166666666668,0.138,0.14359166666666667
0.1356554934823091,0.13275,0.13726666666666668,0.14826666666666663
0.13599967411545624,0.13226666666666667,0.13656666666666664,0.14596666666666666
0.13629385474860337,0.13255000000000003,0.13595833333333332,0.14482499999999998
0.13661303538175049,0.13220833333333334,0.13546666666666665,0.1437166666666667
0.13687388268156425,0.1325166666666667,0.13499999999999998,0.142875
0.13700972998137803,0.13190000000000002,0.13439166666666666,0.14206666666666667
0.13707057728119182,0.13199166666666665,0.13376666666666667,0.14121666666666668
0.13694809124767227,0.13101666666666667,0.13294999999999998,0.1414416666666667
0.13655060521415271,0.13070833333333332,0.1319,0.1413
0.13620311918063313,0.1300083333333333,0.13085,0.1401666666666667
0.13787229981378027,0.1325083333333333,0.144875,0.14179166666666668
0.13767481378026072,0.13365833333333335,0.145125,0.144575
0.13781066108007448,0.13473333333333334,0.14322500000000002,0.14576666666666668
0.13718817504655492,0.13440833333333332,0.14286666666666667,0.14599166666666666
0.13744068901303538,0.13466666666666666,0.14262500000000003,0.146425
0.13780153631284914,0.13497499999999998,0.143225,0.14690833333333334
0.1382540502793296,0.13569166666666668,0.14428333333333335,0.14755833333333335
0.1389482309124767,0.13597499999999998,0.14523333333333335,0.14879166666666663
0.1395340782122905,0.13700833333333334,0.14611666666666664,0.14884166666666668
0.1399782588454376,0.13754166666666665,0.1467416666666667,0.14859166666666665
0.1404891061452514,0.13808333333333334,0.14670833333333333,0.14823333333333333
0.14093328677839853,0.1376166666666667,0.14650833333333332,0.147375
0.1412941340782123,0.13794166666666668,0.1462833333333333,0.14662499999999998
0.14172164804469276,0.13767500000000002,0.14574166666666666,0.14628333333333335
0.14211582867783987,0.13808333333333334,0.14574166666666669,0.14575000000000002
0.14243500931098696,0.13779166666666667,0.14525000000000002,0.1451916666666667
0.1428125232774674,0.1375333333333333,0.14526666666666668,0.145075
0.1430567039106145,0.1382,0.14478333333333335,0.14538333333333334
0.14335088454376166,0.13790833333333333,0.14470833333333333,0.14622499999999997
0.14352006517690874,0.13758333333333334,0.14443333333333333,0.14554999999999998
0.1434975791433892,0.137875,0.14414166666666667,0.14446666666666666
0.14336675977653632,0.1370583333333333,0.1435,0.14424166666666668
0.14306094040968342,0.13664166666666666,0.14280833333333331,0.14441666666666667
0.14259678770949724,0.13556666666666664,0.14216666666666666,0.14459166666666667
0.14379096834264432,0.13819166666666663,0.14501666666666665,0.14695833333333333
0.1441018156424581,0.1377,0.14395833333333335,0.14970833333333333
0.15025432960893856,0.13880833333333334,0.14310000000000003,0.15139166666666667
0.150156843575419,0.13821666666666665,0.142425,0.15235833333333335
0.15054269087523278,0.13735833333333333,0.1408,0.1521666666666667
0.1508452048417132,0.13566666666666666,0.13954166666666665,0.151875
0.151231052141527,0.13485833333333333,0.13859166666666664,0.15147500000000003
0.1517002327746741,0.13386666666666666,0.137825,0.15106666666666665
0.1523777467411546,0.13363333333333335,0.13728333333333334,0.15055000000000002
0.15270526070763502,0.13276666666666667,0.13681666666666667,0.15072500000000003
0.15310777467411546,0.13325,0.13709999999999997,0.15029166666666668
0.15358528864059592,0.13311666666666666,0.13679999999999998,0.14995833333333333
0.15382113594040972,0.13373333333333334,0.1370833333333333,0.14949166666666666
0.15417364990689014,0.13369166666666665,0.136825,0.1497083333333333
0.15454283054003726,0.13435,0.13718333333333332,0.149225
0.15471201117318437,0.13434166666666666,0.1369,0.149
0.1552145251396648,0.13439166666666666,0.13720833333333335,0.14860833333333334
0.15535037243947858,0.13519166666666665,0.13696666666666668,0.14888333333333334
0.15557788640595904,0.13521666666666662,0.13729166666666667,0.14845833333333333
0.15566373370577283,0.1350083333333333,0.13688333333333333,0.148175
0.15560791433891993,0.13543333333333332,0.1370333333333333,0.14801666666666669
0.15565209497206703,0.13488333333333333,0.13636666666666666,0.1474916666666667
0.15544627560521415,0.13474166666666665,0.13616666666666663,0.14725833333333335
0.15501545623836124,0.1337083333333333,0.135675,0.14693333333333333
0.16059297020484173,0.13429999999999997,0.13751666666666668,0.14859166666666668
0.16068715083798882,0.13551666666666667,0.13736666666666666,0.151725
0.16083966480446926,0.14167500000000002,0.13803333333333334,0.15366666666666667
0.16015884543761638,0.14178333333333334,0.13720000000000002,0.15455833333333335
0.1604030260707635,0.14190833333333333,0.13691666666666666,0.154675
0.16063887337057728,0.14235833333333334,0.13570833333333335,0.1544
0.16103305400372442,0.1419,0.134775,0.15392499999999998
0.16140223463687153,0.14173333333333332,0.13370833333333335,0.153375
0.16167141527001863,0.1426,0.13386666666666666,0.15305833333333332
0.16199059590316572,0.14255833333333334,0.13356666666666664,0.1527
0.1622431098696462,0.142725,0.13408333333333336,0.152375
0.16270395716945996,0.14298333333333332,0.13398333333333332,0.15215833333333334
0.1630814711359404,0.14385,0.134425,0.15186666666666668
0.1634756517690875,0.14399166666666666,0.13444166666666665,0.15160833333333334
0.16375316573556795,0.14419999999999997,0.13491666666666666,0.15134166666666668
0.16382234636871507,0.14422499999999996,0.134875,0.15112499999999998
0.1640498603351955,0.1452583333333333,0.13484166666666667,0.150925
0.16446070763500928,0.14512499999999998,0.13552499999999998,0.15078333333333335
0.1646548882681564,0.14529999999999998,0.13546666666666665,0.1506416666666667
0.16485740223463688,0.14513333333333334,0.13535833333333333,0.15031666666666668
0.16486824953445064,0.14553333333333332,0.13567500000000002,0.14990833333333334
0.16472909683426443,0.14501666666666665,0.1351166666666667,0.14930833333333335
0.1647816108007449,0.14419999999999997,0.134825,0.14852500000000002
0.16445079143389196,0.1439666666666667,0.13398333333333334,0.14793333333333336
0.16651163873370578,0.14980000000000002,0.13595000000000002,0.14963333333333334
0.16657248603351957,0.15089999999999998,0.13606666666666664,0.152875
0.165725,0.15205833333333332,0.13661666666666664,0.15412499999999998
0.16532500000000003,0.15148333333333336,0.13599999999999998,0.15435833333333332
0.16483333333333336,0.15196666666666667,0.13553333333333334,0.15457500000000002
0.1648166666666667,0.15193333333333334,0.13480833333333334,0.15454166666666666
0.1647166666666667,0.15267500000000003,0.13459166666666667,0.15415
0.16478333333333334,0.15258333333333335,0.133825,0.1532833333333333
0.165075,0.15237500000000004,0.1335583333333333,0.15244166666666664
0.16514166666666666,0.15324166666666666,0.13285833333333333,0.15156666666666666
0.16515833333333332,0.1529,0.133225,0.15087499999999998
0.16520833333333332,0.152975,0.13306666666666664,0.1501583333333333
0.16514166666666666,0.153175,0.13350833333333334,0.149575
0.165125,0.15373333333333333,0.133425,0.14891666666666667
0.16519999999999999,0.154,0.13395833333333332,0.14845
0.16508333333333333,0.1536583333333333,0.1339,0.14795833333333333
0.16495833333333335,0.15382500000000002,0.13390833333333332,0.14753333333333335
0.16500833333333334,0.1547166666666667,0.13459166666666667,0.14715833333333336
0.165025,0.15475833333333333,0.13458333333333333,0.14680833333333335
0.1648416666666667,0.15433333333333332,0.13445,0.14635833333333334
0.16459166666666666,0.15425000000000003,0.13476666666666665,0.14572500000000002
0.16410833333333336,0.154675,0.13423333333333334,0.14494166666666666
0.16364166666666669,0.15396666666666664,0.13404166666666664,0.143825
0.1632,0.153225,0.133275,0.14288333333333333
0.16426666666666667,0.15745833333333334,0.13585,0.15402499999999997
0.16461666666666666,0.15785000000000002,0.13721666666666668,0.15444166666666664
0.16462500000000005,0.1660333333333333,0.14034166666666667,0.15250833333333333
0.16471666666666668,0.16406666666666667,0.13940833333333333,0.15153333333333333
0.165075,0.16342499999999996,0.1399,0.15125833333333336
0.16510833333333333,0.16532499999999997,0.14136666666666664,0.15175833333333333
0.16593333333333332,0.1648333333333333,0.142325,0.152425
0.16620833333333332,0.16423333333333331,0.14309166666666667,0.15296666666666667
0.16645833333333335,0.16415,0.14374166666666666,0.15267499999999998
0.16680833333333336,0.1633083333333333,0.14364166666666667,0.15249166666666666
0.16685000000000003,0.16451666666666667,0.14368333333333336,0.15238333333333332
0.16698333333333337,0.16384166666666664,0.143825,0.1522583333333333
0.1672416666666667,0.1636333333333333,0.14448333333333332,0.15216666666666664
0.16745000000000002,0.1631083333333333,0.14456666666666665,0.15188333333333334
0.1675833333333334,0.16387499999999997,0.14469166666666664,0.15199166666666666
0.16779166666666667,0.16334999999999997,0.14464999999999997,0.15173333333333336
0.16799166666666668,0.16415833333333335,0.14545833333333333,0.15185833333333335
0.16805833333333334,0.16368333333333335,0.14533333333333334,0.151625
0.16810000000000003,0.163975,0.1454583333333333,0.1516833333333333
0.16804166666666667,0.16350833333333334,0.14545833333333333,0.15170000000000003
0.16814166666666666,0.164825,0.14584166666666668,0.15155833333333332
0.1684,0.163975,0.14553333333333332,0.15114999999999998
0.16799166666666665,0.16335833333333336,0.14495,0.15064166666666667
0.166675,0.16359166666666666,0.14493333333333333,0.14998333333333333
0.16646666666666662,0.16306666666666667,0.14881666666666668,0.149675
0.16693333333333335,0.1607833333333333,0.14604166666666665,0.14663333333333337
0.16725,0.15924166666666664,0.14528333333333335,0.14451666666666668
0.16785833333333333,0.15789999999999998,0.14334166666666667,0.14288333333333333
0.16756666666666667,0.15785833333333332,0.14312500000000003,0.14165000000000003
0.16744166666666668,0.1560083333333333,0.14271666666666669,0.14066666666666666
0.16728333333333334,0.155725,0.1436916666666667,0.13999166666666668
0.16715,0.15474166666666664,0.1439166666666667,0.1396166666666667
0.16721666666666668,0.15566666666666665,0.1441916666666667,0.1393916666666667
0.16743333333333335,0.15619166666666665,0.14537500000000003,0.13925833333333335
0.16727499999999998,0.15624166666666664,0.14543333333333333,0.13966666666666666
0.16732499999999997,0.15615833333333332,0.14596666666666666,0.1397
