"start","end","radiations"
1588802400,1588806000,0
1588806000,1588809600,0
1588809600,1588813200,0
1588813200,1588816800,0
1588816800,1588820400,0
1588820400,1588824000,0
1588824000,1588827600,27.3
1588827600,1588831200,171.64
1588831200,1588834800,238
1588834800,1588838400,378.7
1588838400,1588842000,552.44
1588842000,1588845600,706.58
1588845600,1588849200,789.6
1588849200,1588852800,818.44
1588852800,1588856400,780.22
1588856400,1588860000,713.86
1588860000,1588863600,581.14
1588863600,1588867200,407.54
1588867200,1588870800,228.2
1588870800,1588874400,67.48
1588874400,1588878000,13.86
1588878000,1588881600,0
1588881600,1588885200,0
1588885200,1588888800,0
1588888800,1588892400,0
1588892400,1588896000,0
1588896000,1588899600,0
1588899600,1588903200,0
1588903200,1588906800,0
1588906800,1588910400,0
1588910400,1588914000,29.12
1588914000,1588917600,104.546666666667
1588917600,1588921200,228.9
1588921200,1588924800,373.52
1588924800,1588928400,567
1588928400,1588932000,715.12
1588932000,1588935600,781.62
1588935600,1588939200,778.4
1588939200,1588942800,779.52
1588942800,1588946400,685.44
1588946400,1588950000,352.66
1588950000,1588953600,392.42
1588953600,1588957200,264.46
1588957200,1588960800,70.56
1588960800,1588964400,14.14
1588964400,1588968000,0
1588968000,1588971600,0
1588971600,1588975200,0
1588975200,1588978800,0
1588978800,1588982400,0
1588982400,1588986000,0
1588986000,1588989600,0
1588989600,1588993200,0
1588993200,1588996800,0
1588996800,1589000400,12.88
1589000400,1589004000,88.34
1589004000,1589007600,139.3
1589007600,1589011200,315.96
1589011200,1589014800,567.98
1589014800,1589018400,729.54
1589018400,1589022000,781.06
1589022000,1589025600,800.66
1589025600,1589029200,753.62
1589029200,1589032800,721.84
1589032800,1589036400,581.84
1589036400,1589040000,417.48
1589040000,1589043600,176.68
1589043600,1589047200,91.28
1589047200,1589050800,14.7
1589050800,1589054400,0
1589054400,1589058000,0
1589058000,1589061600,0
1589061600,1589065200,0
1589065200,1589068800,0
1589068800,1589072400,0
1589072400,1589076000,0
1589076000,1589079600,0
1589079600,1589083200,0
1589083200,1589086800,17.22
1589086800,1589090400,92.96
1589090400,1589094000,164.36
1589094000,1589097600,406.14
1589097600,1589101200,499.94
1589101200,1589104800,710.22
1589104800,1589108400,804.44
1589108400,1589112000,821.66
1589112000,1589115600,783.72
1589115600,1589119200,609.28
1589119200,1589122800,584.64
1589122800,1589126400,408.38
1589126400,1589130000,201.74
1589130000,1589133600,72.24
1589133600,1589137200,11.9
1589137200,1589140800,0
1589140800,1589144400,0
1589144400,1589148000,0
1589148000,1589151600,0
1589151600,1589155200,0
1589155200,1589158800,0
1589158800,1589162400,0
1589162400,1589166000,0
1589166000,1589169600,0
1589169600,1589173200,1.4
1589173200,1589176800,16.24
1589176800,1589180400,163.38
1589180400,1589184000,400.26
1589184000,1589187600,609
1589187600,1589191200,372.68
1589191200,1589194800,860.58
1589194800,1589198400,791.56
1589198400,1589202000,658.28
1589202000,1589205600,194.18
1589205600,1589209200,107.66
1589209200,1589212800,350.7
1589212800,1589216400,66.78
1589216400,1589220000,42.56
1589220000,1589223600,11.48
1589223600,1589227200,0
1589227200,1589230800,0
1589230800,1589234400,0
1589234400,1589238000,0
1589238000,1589241600,0
1589241600,1589245200,0
1589245200,1589248800,0
1589248800,1589252400,0
1589252400,1589256000,0
1589256000,1589259600,10.36
1589259600,1589263200,92.4
1589263200,1589266800,172.06
1589266800,1589270400,305.2
1589270400,1589274000,413
1589274000,1589277600,358.96
1589277600,1589281200,709.1
1589281200,1589284800,420.42
1589284800,1589288400,514.78
1589288400,1589292000,628.04
1589292000,1589295600,619.22
1589295600,1589299200,380.1
1589299200,1589302800,252.14
1589302800,1589306400,80.08
1589306400,1589310000,20.16
1589310000,1589313600,0
1589313600,1589317200,0
1589317200,1589320800,0
1589320800,1589324400,0
1589324400,1589328000,0
1589328000,1589331600,0
1589331600,1589335200,0
1589335200,1589338800,0
1589338800,1589342400,0
1589342400,1589346000,14.56
1589346000,1589349600,60.9
1589349600,1589353200,54.88
1589353200,1589356800,113.26
1589356800,1589360400,212.1
1589360400,1589364000,393.96
1589364000,1589367600,351.54
1589367600,1589371200,644.7
1589371200,1589374800,586.04
1589374800,1589378400,568.96
1589378400,1589382000,432.88
1589382000,1589385600,359.94
1589385600,1589389200,225.68
1589389200,1589392800,105.28
1589392800,1589396400,21.56
1589396400,1589400000,0
1589400000,1589403600,0
1589403600,1589407200,0
1589407200,1589410800,0
1589410800,1589414400,0
1589414400,1589418000,0
1589418000,1589421600,0
1589421600,1589425200,0
1589425200,1589428800,0
1589428800,1589432400,16.66
1589432400,1589436000,92.68
1589436000,1589439600,213.92
1589439600,1589443200,142.1
1589443200,1589446800,348.32
1589446800,1589450400,321.16
1589450400,1589454000,452.62
1589454000,1589457600,290.36
1589457600,1589461200,171.64
1589461200,1589464800,207.2
1589464800,1589468400,278.18
1589468400,1589472000,236.32
1589472000,1589475600,112.28
1589475600,1589479200,58.94
1589479200,1589482800,9.38
1589482800,1589486400,0
1589486400,1589490000,0
1589490000,1589493600,0
1589493600,1589497200,0
1589497200,1589500800,0
1589500800,1589504400,0
1589504400,1589508000,0
1589508000,1589511600,0
1589511600,1589515200,0.28
1589515200,1589518800,18.48
1589518800,1589522400,85.12
1589522400,1589526000,181.3
1589526000,1589529600,262.78
1589529600,1589533200,461.72
1589533200,1589536800,788.62
1589536800,1589540400,522.76
1589540400,1589544000,642.04
1589544000,1589547600,889.84
1589547600,1589551200,753.48
1589551200,1589554800,685.16
1589554800,1589558400,421.54
1589558400,1589562000,217.84
1589562000,1589565600,95.9
1589565600,1589569200,21.28
1589569200,1589572800,0.14
1589572800,1589576400,0
1589576400,1589580000,0
1589580000,1589583600,0
1589583600,1589587200,0
1589587200,1589590800,0
1589590800,1589594400,0
1589594400,1589598000,0
1589598000,1589601600,0
1589601600,1589605200,17.08
1589605200,1589608800,57.4
1589608800,1589612400,109.06
1589612400,1589616000,188.16
1589616000,1589619600,251.44
1589619600,1589623200,288.12
1589623200,1589626800,336.98
1589626800,1589630400,314.58
1589630400,1589634000,288.26
1589634000,1589637600,202.3
1589637600,1589641200,148.68
1589641200,1589644800,88.06
1589644800,1589648400,43.26
1589648400,1589652000,11.34
1589652000,1589655600,2.1
1589655600,1589659200,0
1589659200,1589662800,0
1589662800,1589666400,0
1589666400,1589670000,0
1589670000,1589673600,0
1589673600,1589677200,0
1589677200,1589680800,0
1589680800,1589684400,0
1589684400,1589688000,0
1589688000,1589691600,11.2
1589691600,1589695200,53.62
1589695200,1589698800,193.62
1589698800,1589702400,349.3
1589702400,1589706000,517.86
1589706000,1589709600,694.68
1589709600,1589713200,767.48
1589713200,1589716800,542.22
1589716800,1589720400,349.58
1589720400,1589724000,577.22
1589724000,1589727600,391.44
1589727600,1589731200,470.82
1589731200,1589734800,224.7
1589734800,1589738400,92.68
1589738400,1589742000,21.42
1589742000,1589745600,0.14
1589745600,1589749200,0
1589749200,1589752800,0
1589752800,1589756400,0
1589756400,1589760000,0
1589760000,1589763600,0
1589763600,1589767200,0
1589767200,1589770800,0
1589770800,1589774400,0.28
1589774400,1589778000,37.66
1589778000,1589781600,172.06
1589781600,1589785200,223.58
1589785200,1589788800,331.52
1589788800,1589792400,355.6
1589792400,1589796000,450.8
1589796000,1589799600,623
1589799600,1589803200,323.12
1589803200,1589806800,191.66
1589806800,1589810400,205.66
1589810400,1589814000,65.1
1589814000,1589817600,161.28
1589817600,1589821200,58.38
1589821200,1589824800,36.12
1589824800,1589828400,4.48
1589828400,1589832000,0
1589832000,1589835600,0
1589835600,1589839200,0
1589839200,1589842800,0
1589842800,1589846400,0
1589846400,1589850000,0
1589850000,1589853600,0
1589853600,1589857200,0
1589857200,1589860800,0.28
1589860800,1589864400,24.5
1589864400,1589868000,116.2
1589868000,1589871600,189.28
1589871600,1589875200,326.9
1589875200,1589878800,420
1589878800,1589882400,397.6
1589882400,1589886000,173.88
1589886000,1589889600,347.06
1589889600,1589893200,537.04
1589893200,1589896800,249.48
1589896800,1589900400,319.76
1589900400,1589904000,170.38
1589904000,1589907600,60.2
1589907600,1589911200,58.8
1589911200,1589914800,8.12
1589914800,1589918400,0
1589918400,1589922000,0
1589922000,1589925600,0
1589925600,1589929200,0
1589929200,1589932800,0
1589932800,1589936400,0
1589936400,1589940000,0
1589940000,1589943600,0
1589943600,1589947200,0.14
1589947200,1589950800,9.66
1589950800,1589954400,27.44
1589954400,1589958000,143.08
1589958000,1589961600,122.92
1589961600,1589965200,64.68
1589965200,1589968800,300.3
1589968800,1589972400,123.76
1589972400,1589976000,289.52
1589976000,1589979600,213.92
1589979600,1589983200,104.72
1589983200,1589986800,81.48
1589986800,1589990400,75.32
1589990400,1589994000,87.36
1589994000,1589997600,58.24
1589997600,1590001200,12.04
1590001200,1590004800,0.14
1590004800,1590008400,0
1590008400,1590012000,0
1590012000,1590015600,0
1590015600,1590019200,0
1590019200,1590022800,0
1590022800,1590026400,0
1590026400,1590030000,0
1590030000,1590033600,0.42
1590033600,1590037200,32.76
1590037200,1590040800,112.14
1590040800,1590044400,247.38
1590044400,1590048000,373.52
1590048000,1590051600,546.98
1590051600,1590055200,681.1
1590055200,1590058800,695.52
1590058800,1590062400,657.3
1590062400,1590066000,602
1590066000,1590069600,687.4
1590069600,1590073200,571.9
1590073200,1590076800,406.7
1590076800,1590080400,241.08
1590080400,1590084000,100.66
1590084000,1590087600,24.92
1590087600,1590091200,0.28
1590091200,1590094800,0
1590094800,1590098400,0
1590098400,1590102000,0
1590102000,1590105600,0
1590105600,1590109200,0
1590109200,1590112800,0
1590112800,1590116400,0
1590116400,1590120000,0.28
1590120000,1590123600,30.24
1590123600,1590127200,87.08
1590127200,1590130800,215.74
1590130800,1590134400,376.6
1590134400,1590138000,540.96
1590138000,1590141600,706.72
1590141600,1590145200,757.4
1590145200,1590148800,769.44
1590148800,1590152400,671.3
1590152400,1590156000,511.7
1590156000,1590159600,299.04
1590159600,1590163200,382.62
1590163200,1590166800,224.84
1590166800,1590170400,106.96
1590170400,1590174000,21.28
1590174000,1590177600,0.28
1590177600,1590181200,0
1590181200,1590184800,0
1590184800,1590188400,0
1590188400,1590192000,0
1590192000,1590195600,0
1590195600,1590199200,0
1590199200,1590202800,0
1590202800,1590206400,0.42
1590206400,1590210000,19.88
1590210000,1590213600,87.78
1590213600,1590217200,223.16
1590217200,1590220800,378.28
1590220800,1590224400,544.74
1590224400,1590228000,667.52
1590228000,1590231600,720.3
1590231600,1590235200,795.06
1590235200,1590238800,780.08
1590238800,1590242400,683.34
1590242400,1590246000,555.66
1590246000,1590249600,377.02
1590249600,1590253200,222.74
1590253200,1590256800,98.84
1590256800,1590260400,18.62
1590260400,1590264000,0.28
1590264000,1590267600,0
1590267600,1590271200,0
1590271200,1590274800,0
1590274800,1590278400,0
1590278400,1590282000,0
1590282000,1590285600,0
1590285600,1590289200,0
1590289200,1590292800,0.42
1590292800,1590296400,10.5
1590296400,1590300000,40.6
1590300000,1590303600,211.12
1590303600,1590307200,322
1590307200,1590310800,394.38
1590310800,1590314400,483.28
1590314400,1590318000,763.14
1590318000,1590321600,825.58
1590321600,1590325200,780.64
1590325200,1590328800,698.32
1590328800,1590332400,559.58
1590332400,1590336000,414.12
1590336000,1590339600,237.58
1590339600,1590343200,92.82
1590343200,1590346800,21
1590346800,1590350400,0.28
1590350400,1590354000,0
1590354000,1590357600,0
1590357600,1590361200,0
1590361200,1590364800,0
1590364800,1590368400,0
1590368400,1590372000,0
1590372000,1590375600,0
1590375600,1590379200,0.7
1590379200,1590382800,36.4
1590382800,1590386400,105.42
1590386400,1590390000,227.22
1590390000,1590393600,392.14
1590393600,1590397200,568.12
1590397200,1590400800,713.58
1590400800,1590404400,789.46
1590404400,1590408000,810.88
1590408000,1590411600,801.78
1590411600,1590415200,722.12
1590415200,1590418800,590.94
1590418800,1590422400,414.12
1590422400,1590426000,233.52
1590426000,1590429600,103.04
1590429600,1590433200,27.58
1590433200,1590436800,0.56
1590436800,1590440400,0
1590440400,1590444000,0
1590444000,1590447600,0
1590447600,1590451200,0
1590451200,1590454800,0
1590454800,1590458400,0
1590458400,1590462000,0
1590462000,1590465600,0.7
1590465600,1590469200,34.65
1590469200,1590472800,131.075
1590472800,1590476400,288.4
1590476400,1590480000,493.675
1590480000,1590483600,712.95
1590483600,1590487200,897.575
1590487200,1590490800,999.775
1590490800,1590494400,1019.55
1590494400,1590498000,1007.3
1590498000,1590501600,908.6
1590501600,1590505200,745.675
1590505200,1590508800,534.975
1590508800,1590512400,291.55
1590512400,1590516000,142.45
1590516000,1590519600,36.925
1590519600,1590523200,0.524999999999999
1590523200,1590526800,0
1590526800,1590530400,0
1590530400,1590534000,0
1590534000,1590537600,0
1590537600,1590541200,0
1590541200,1590544800,0
1590544800,1590548400,0
1590548400,1590552000,0.7
1590552000,1590555600,28.7
1590555600,1590559200,106.82
1590559200,1590562800,235.34
1590562800,1590566400,398.72
1590566400,1590570000,579.32
1590570000,1590573600,727.58
1590573600,1590577200,801.36
1590577200,1590580800,691.46
1590580800,1590584400,807.1
1590584400,1590588000,725.62
1590588000,1590591600,597.8
1590591600,1590595200,430.78
1590595200,1590598800,225.26
1590598800,1590602400,103.6
1590602400,1590606000,30.24
1590606000,1590609600,0.7
1590609600,1590613200,0
1590613200,1590616800,0
1590616800,1590620400,0
1590620400,1590624000,0
1590624000,1590627600,0
1590627600,1590631200,0
1590631200,1590634800,0
1590634800,1590638400,0.7
1590638400,1590642000,23.8
1590642000,1590645600,102.62
1590645600,1590649200,182.42
1590649200,1590652800,369.32
1590652800,1590656400,503.02
1590656400,1590660000,592.48
1590660000,1590663600,488.74
1590663600,1590667200,629.72
1590667200,1590670800,746.76
1590670800,1590674400,463.82
1590674400,1590678000,502.6
1590678000,1590681600,288.4
1590681600,1590685200,207.2
1590685200,1590688800,103.04
1590688800,1590692400,28.7
1590692400,1590696000,0.7
1590696000,1590699600,0
1590699600,1590703200,0
1590703200,1590706800,0
1590706800,1590710400,0
1590710400,1590714000,0
1590714000,1590717600,0
1590717600,1590721200,0
1590721200,1590724800,0
1590724800,1590728400,3.08
1590728400,1590732000,18.34
1590732000,1590735600,79.66
1590735600,1590739200,144.9
1590739200,1590742800,119.56
1590742800,1590746400,161.42
1590746400,1590750000,252.56
1590750000,1590753600,375.2
1590753600,1590757200,226.8
1590757200,1590760800,538.72
1590760800,1590764400,319.9
1590764400,1590768000,230.44
1590768000,1590771600,156.94
1590771600,1590775200,118.16
1590775200,1590778800,107.8
1590778800,1590782400,115.5
1590782400,1590786000,78.47
1590786000,1590789600,59.08
1590789600,1590793200,11.76
1590793200,1590796800,0
1590796800,1590800400,0
1590800400,1590804000,0
1590804000,1590807600,0
1590807600,1590811200,0.35
1590811200,1590814800,15.68
1590814800,1590818400,54.25
1590818400,1590822000,116.41
1590822000,1590825600,195.3
1590825600,1590829200,299.74
1590829200,1590832800,234.57
1590832800,1590836400,476.35
1590836400,1590840000,474.04
1590840000,1590843600,544.25
1590843600,1590847200,375.55
1590847200,1590850800,642.46
1590850800,1590854400,426.09
1590854400,1590858000,347.34
1590858000,1590861600,252.42
1590861600,1590865200,298.34
1590865200,1590868800,147.42
1590868800,1590872400,87.15
1590872400,1590876000,57.19
1590876000,1590879600,15.5866666666667
1590879600,1590883200,0
1590883200,1590886800,0
1590886800,1590890400,0
1590890400,1590894000,0
1590894000,1590897600,0.21
1590897600,1590901200,9.73
1590901200,1590904800,40.46
1590904800,1590908400,64.47
1590908400,1590912000,126.63
1590912000,1590915600,234.22
1590915600,1590919200,318.99
1590919200,1590922800,306.95
1590922800,1590926400,522.69
1590926400,1590930000,520.45
1590930000,1590933600,480.48
1590933600,1590937200,460.18
1590937200,1590940800,556.5
1590940800,1590944400,418.39
1590944400,1590948000,249.97
1590948000,1590951600,234.64
1590951600,1590955200,160.72
1590955200,1590958800,122.43
1590958800,1590962400,48.02
1590962400,1590966000,16.8
1590966000,1590969600,0
1590969600,1590973200,0
1590973200,1590976800,0
1590976800,1590980400,0
1590980400,1590984000,0.49
1590984000,1590987600,15.96
1590987600,1590991200,53.9
1590991200,1590994800,119
1590994800,1590998400,197.12
1590998400,1591002000,298.9
1591002000,1591005600,406.07
1591005600,1591009200,524.37
1591009200,1591012800,572.74
1591012800,1591016400,678.58
1591016400,1591020000,723.59
1591020000,1591023600,737.14
1591023600,1591027200,637.55
1591027200,1591030800,536.36
1591030800,1591034400,442.62
1591034400,1591038000,351.53
1591038000,1591041600,262.08
1591041600,1591045200,140.72
1591045200,1591048800,71.2
1591048800,1591052400,19.3066666666667
1591052400,1591056000,0
1591056000,1591059600,0
1591059600,1591063200,0
1591063200,1591066800,0
1591066800,1591070400,0.56
1591070400,1591074000,17.76
1591074000,1591077600,75.84
1591077600,1591081200,111.12
1591081200,1591084800,182.4
1591084800,1591088400,288.16
1591088400,1591092000,440.72
1591092000,1591095600,527.44
1591095600,1591099200,676.08
1591099200,1591102800,748.8
1591102800,1591106400,744.56
1591106400,1591110000,630.88
1591110000,1591113600,758.72
1591113600,1591117200,592.64
1591117200,1591120800,438.08
1591120800,1591124400,229.76
1591124400,1591128000,264.88
1591128000,1591131600,114.24
1591131600,1591135200,58.4
1591135200,1591138800,15.1466666666667
1591138800,1591142400,0
1591142400,1591146000,0
1591146000,1591149600,0
1591149600,1591153200,0
1591153200,1591156800,0.56
1591156800,1591160400,17.6
1591160400,1591164000,61.12
1591164000,1591167600,137.28
1591167600,1591171200,230.64
1591171200,1591174800,346.16
1591174800,1591178400,474.24
1591178400,1591182000,599.2
1591182000,1591185600,705.52
1591185600,1591189200,797.52
1591189200,1591192800,828.56
1591192800,1591196400,734.64
1591196400,1591200000,613.6
1591200000,1591203600,580.88
1591203600,1591207200,504.64
1591207200,1591210800,287.92
1591210800,1591214400,138.64
1591214400,1591218000,111.92
1591218000,1591221600,89.2
1591221600,1591225200,15.2
1591225200,1591228800,0.48
1591228800,1591232400,0
1591232400,1591236000,0
1591236000,1591239600,0
1591239600,1591243200,0.56
1591243200,1591246800,18.96
1591246800,1591250400,48.96
1591250400,1591254000,39.92
1591254000,1591257600,69.84
1591257600,1591261200,90.72
1591261200,1591264800,111.92
1591264800,1591268400,94.16
1591268400,1591272000,116.72
1591272000,1591275600,188.4
1591275600,1591279200,164.72
1591279200,1591282800,166.64
1591282800,1591286400,214.56
1591286400,1591290000,132.8
1591290000,1591293600,114.48
1591293600,1591297200,116.48
1591297200,1591300800,167.12
1591300800,1591304400,16.16
1591304400,1591308000,12.72
1591308000,1591311600,4.26666666666667
1591311600,1591315200,0
1591315200,1591318800,0
1591318800,1591322400,0
1591322400,1591326000,0
1591326000,1591329600,0.72
1591329600,1591333200,16.56
1591333200,1591336800,40.48
1591336800,1591340400,58.8
1591340400,1591344000,141.68
1591344000,1591347600,272.4
1591347600,1591351200,435.28
1591351200,1591354800,405.2
1591354800,1591358400,584.32
1591358400,1591362000,698.96
1591362000,1591365600,686.48
1591365600,1591369200,545.84
1591369200,1591372800,599.84
1591372800,1591376400,578.4
1591376400,1591380000,354.48
1591380000,1591383600,221.04
1591383600,1591387200,157.44
1591387200,1591390800,135.28
1591390800,1591394400,62.8
1591394400,1591398000,20.6933333333333
1591398000,1591401600,0
1591401600,1591405200,0
1591405200,1591408800,0
1591408800,1591412400,0
1591412400,1591416000,0.96
1591416000,1591419600,26.88
1591419600,1591423200,72.96
1591423200,1591426800,144.32
1591426800,1591430400,242.72
1591430400,1591434000,368.24
1591434000,1591437600,490.56
1591437600,1591441200,615.76
1591441200,1591444800,738.64
1591444800,1591448400,848.72
1591448400,1591452000,652.08
1591452000,1591455600,728.88
1591455600,1591459200,724.32
1591459200,1591462800,651.92
1591462800,1591466400,299.28
1591466400,1591470000,277.92
1591470000,1591473600,228.32
1591473600,1591477200,144.56
1591477200,1591480800,64.8
1591480800,1591484400,20.5866666666667
1591484400,1591488000,0
1591488000,1591491600,0
1591491600,1591495200,0
1591495200,1591498800,0
1591498800,1591502400,0.8
1591502400,1591506000,18.08
1591506000,1591509600,69.52
1591509600,1591513200,145.84
1591513200,1591516800,242.16
1591516800,1591520400,360.4
1591520400,1591524000,481.84
1591524000,1591527600,437.6
1591527600,1591531200,687.6
1591531200,1591534800,784.4
1591534800,1591538400,628.56
1591538400,1591542000,452.8
1591542000,1591545600,613.36
1591545600,1591549200,571.12
1591549200,1591552800,261.12
1591552800,1591556400,175.68
1591556400,1591560000,167.36
1591560000,1591563600,129.04
1591563600,1591567200,44.88
1591567200,1591570800,12.16
1591570800,1591574400,0
1591574400,1591578000,0
1591578000,1591581600,0
1591581600,1591585200,0
1591585200,1591588800,0.8
1591588800,1591592400,34.8
1591592400,1591596000,66.72
1591596000,1591599600,147.2
1591599600,1591603200,263.84
1591603200,1591606800,340
1591606800,1591610400,224
1591610400,1591614000,217.2
1591614000,1591617600,403.2
1591617600,1591621200,356
1591621200,1591624800,218.64
1591624800,1591628400,342.48
1591628400,1591632000,324.32
1591632000,1591635600,211.44
1591635600,1591639200,107.92
1591639200,1591642800,282.88
1591642800,1591646400,184.72
1591646400,1591650000,160.64
1591650000,1591653600,46.56
1591653600,1591657200,11.3066666666667
1591657200,1591660800,0
1591660800,1591664400,0
1591664400,1591668000,0
1591668000,1591671600,0
1591671600,1591675200,0.8
1591675200,1591678800,21.76
1591678800,1591682400,34.64
1591682400,1591686000,84.32
1591686000,1591689600,126.8
1591689600,1591693200,188.32
1591693200,1591696800,214.08
1591696800,1591700400,327.12
1591700400,1591704000,591.12
1591704000,1591707600,350
1591707600,1591711200,336.4
1591711200,1591714800,323.52
1591714800,1591718400,580.72
1591718400,1591722000,340.16
1591722000,1591725600,208.48
1591725600,1591729200,93.04
1591729200,1591732800,116.32
1591732800,1591736400,156.72
1591736400,1591740000,51.52
1591740000,1591743600,11.84
1591743600,1591747200,0
1591747200,1591750800,0
1591750800,1591754400,0
1591754400,1591758000,0
1591758000,1591761600,0.8
1591761600,1591765200,17.52
1591765200,1591768800,83.2
1591768800,1591772400,115.2
1591772400,1591776000,245.52
1591776000,1591779600,388.48
1591779600,1591783200,389.28
1591783200,1591786800,412.64
1591786800,1591790400,316.48
1591790400,1591794000,638.64
1591794000,1591797600,590.88
1591797600,1591801200,665.52
1591801200,1591804800,305.04
1591804800,1591808400,405.2
1591808400,1591812000,346.96
1591812000,1591815600,383.68
1591815600,1591819200,233.76
1591819200,1591822800,137.52
1591822800,1591826400,62.16
1591826400,1591830000,16.64
1591830000,1591833600,0
1591833600,1591837200,0
1591837200,1591840800,0
1591840800,1591844400,0
1591844400,1591848000,0.72
1591848000,1591851600,18.64
1591851600,1591855200,69.6
1591855200,1591858800,146.08
1591858800,1591862400,243.84
1591862400,1591866000,373.04
1591866000,1591869600,248.16
1591869600,1591873200,440.24
1591873200,1591876800,719.84
1591876800,1591880400,708.32
1591880400,1591884000,356.8
1591884000,1591887600,319.28
1591887600,1591891200,681.12
1591891200,1591894800,439.92
1591894800,1591898400,255.12
1591898400,1591902000,50
1591902000,1591905600,205.6
1591905600,1591909200,86
1591909200,1591912800,76.88
1591912800,1591916400,24.32
1591916400,1591920000,0
1591920000,1591923600,0
1591923600,1591927200,0
1591927200,1591930800,0
1591930800,1591934400,1.52
1591934400,1591938000,36.08
1591938000,1591941600,119.12
1591941600,1591945200,154.96
1591945200,1591948800,246.24
1591948800,1591952400,382.72
1591952400,1591956000,512.4
1591956000,1591959600,611.68
1591959600,1591963200,738.16
1591963200,1591966800,830.64
1591966800,1591970400,814.4
1591970400,1591974000,838.08
1591974000,1591977600,761.68
1591977600,1591981200,631.68
1591981200,1591984800,469.92
1591984800,1591988400,404.32
1591988400,1591992000,269.6
1591992000,1591995600,147.68
1591995600,1591999200,48.8
1591999200,1592002800,21.5466666666667
1592002800,1592006400,0
1592006400,1592010000,0
1592010000,1592013600,0
1592013600,1592017200,0
1592017200,1592020800,1.04
1592020800,1592024400,24.8
1592024400,1592028000,51.84
1592028000,1592031600,118.4
1592031600,1592035200,189.84
1592035200,1592038800,264
1592038800,1592042400,256.32
1592042400,1592046000,592.64
1592046000,1592049600,670
1592049600,1592053200,729.92
1592053200,1592056800,657.52
1592056800,1592060400,711.68
1592060400,1592064000,595.84
1592064000,1592067600,610.96
1592067600,1592071200,477.2
1592071200,1592074800,246.56
1592074800,1592078400,114.96
1592078400,1592082000,120.24
1592082000,1592085600,24.16
1592085600,1592089200,8.32
1592089200,1592092800,0
1592092800,1592096400,0
1592096400,1592100000,0
1592100000,1592103600,0
1592103600,1592107200,1.12
1592107200,1592110800,32.8
1592110800,1592114400,90.96
1592114400,1592118000,175.92
1592118000,1592121600,168.96
1592121600,1592125200,401.12
1592125200,1592128800,509.2
1592128800,1592132400,677.2
1592132400,1592136000,468.56
1592136000,1592139600,650.88
1592139600,1592143200,695.92
1592143200,1592146800,790
1592146800,1592150400,544.48
1592150400,1592154000,403.04
1592154000,1592157600,331.52
1592157600,1592161200,310.64
1592161200,1592164800,245.04
1592164800,1592168400,120.48
1592168400,1592172000,53.84
1592172000,1592175600,20.0533333333333
1592175600,1592179200,0
1592179200,1592182800,0
1592182800,1592186400,0
1592186400,1592190000,0
1592190000,1592193600,0.56
1592193600,1592197200,9.76
1592197200,1592200800,24.24
1592200800,1592204400,52.72
1592204400,1592208000,143.92
1592208000,1592211600,203.92
1592211600,1592215200,213.36
1592215200,1592218800,304.8
1592218800,1592222400,453.2
1592222400,1592226000,308.48
1592226000,1592229600,350.72
1592229600,1592233200,413.68
1592233200,1592236800,388.32
1592236800,1592240400,180.32
1592240400,1592244000,196.4
1592244000,1592247600,168.32
1592247600,1592251200,78.96
1592251200,1592254800,66
1592254800,1592258400,34.8
1592258400,1592262000,6.18666666666667
1592262000,1592265600,0
1592265600,1592269200,0
1592269200,1592272800,0
1592272800,1592276400,0
1592276400,1592280000,0.8
1592280000,1592283600,33.92
1592283600,1592287200,75.28
1592287200,1592290800,130.96
1592290800,1592294400,212.8
1592294400,1592298000,386.08
1592298000,1592301600,490.32
1592301600,1592305200,642.16
1592305200,1592308800,495.28
1592308800,1592312400,760.48
1592312400,1592316000,781.04
1592316000,1592319600,865.68
1592319600,1592323200,574.64
1592323200,1592326800,569.84
1592326800,1592330400,395.44
1592330400,1592334000,377.04
1592334000,1592337600,292.24
1592337600,1592341200,161.52
1592341200,1592344800,29.44
1592344800,1592348400,20.8
1592348400,1592352000,0
1592352000,1592355600,0
1592355600,1592359200,0
1592359200,1592362800,0
1592362800,1592366400,0.96
1592366400,1592370000,24.64
1592370000,1592373600,63.04
1592373600,1592377200,144.8
1592377200,1592380800,192.56
1592380800,1592384400,303.44
1592384400,1592388000,396.88
1592388000,1592391600,522
1592391600,1592395200,427.12
1592395200,1592398800,508.16
1592398800,1592402400,627.92
1592402400,1592406000,762.08
1592406000,1592409600,524.16
1592409600,1592413200,375.28
1592413200,1592416800,358.24
1592416800,1592420400,406.8
1592420400,1592424000,290.08
1592424000,1592427600,145.92
1592427600,1592431200,64.16
1592431200,1592434800,19.6266666666667
1592434800,1592438400,0
1592438400,1592442000,0
1592442000,1592445600,0
1592445600,1592449200,0
1592449200,1592452800,0.8
1592452800,1592456400,19.04
1592456400,1592460000,65.52
1592460000,1592463600,145.04
1592463600,1592467200,244.48
1592467200,1592470800,365.04
1592470800,1592474400,495.84
1592474400,1592478000,623.12
1592478000,1592481600,743.2
1592481600,1592485200,766.88
1592485200,1592488800,863.6
1592488800,1592492400,849.04
1592492400,1592496000,777.44
1592496000,1592499600,563.92
1592499600,1592503200,500.72
1592503200,1592506800,396.32
1592506800,1592510400,279.28
1592510400,1592514000,143.04
1592514000,1592517600,67.44
1592517600,1592521200,25.4933333333333
1592521200,1592524800,0
1592524800,1592528400,0
1592528400,1592532000,0
1592532000,1592535600,0
1592535600,1592539200,0.8
1592539200,1592542800,20
1592542800,1592546400,63.2
1592546400,1592550000,128.64
1592550000,1592553600,244.24
1592553600,1592557200,365.84
1592557200,1592560800,486.8
1592560800,1592564400,645.52
1592564400,1592568000,750.48
1592568000,1592571600,835.2
1592571600,1592575200,781.76
1592575200,1592578800,838.826666666667
1592578800,1592582400,711.253333333333
1592582400,1592586000,529.92
1592586000,1592589600,328.64
1592589600,1592593200,395.52
1592593200,1592596800,281.04
1592596800,1592600400,151.12
1592600400,1592604000,73.04
1592604000,1592607600,21.68
1592607600,1592611200,1.44
1592611200,1592614800,0
1592614800,1592618400,0
1592618400,1592622000,0
1592622000,1592625600,0.72
1592625600,1592629200,17.76
1592629200,1592632800,65.84
1592632800,1592636400,144.08
1592636400,1592640000,242.88
1592640000,1592643600,364.24
1592643600,1592647200,493.6
1592647200,1592650800,629.12
1592650800,1592654400,740.72
1592654400,1592658000,826.32
1592658000,1592661600,872.16
1592661600,1592665200,856.56
1592665200,1592668800,775.76
1592668800,1592672400,629.36
1592672400,1592676000,517.52
1592676000,1592679600,396.88
1592679600,1592683200,278.88
1592683200,1592686800,149.52
1592686800,1592690400,73.12
1592690400,1592694000,25.36
1592694000,1592697600,1.68
1592697600,1592701200,0
1592701200,1592704800,0
1592704800,1592708400,0
1592708400,1592712000,0.72
1592712000,1592715600,17.84
1592715600,1592719200,56.08
1592719200,1592722800,139.2
1592722800,1592726400,239.84
1592726400,1592730000,282.32
1592730000,1592733600,333.36
1592733600,1592737200,427.52
1592737200,1592740800,783.6
1592740800,1592744400,706.8
1592744400,1592748000,635.36
1592748000,1592751600,522.64
1592751600,1592755200,790.88
1592755200,1592758800,595.04
1592758800,1592762400,435.76
1592762400,1592766000,263.76
1592766000,1592769600,248
1592769600,1592773200,152.72
1592773200,1592776800,77.68
1592776800,1592780400,29.44
1592780400,1592784000,1.6
1592784000,1592787600,0
1592787600,1592791200,0
1592791200,1592794800,0
1592794800,1592798400,0.72
1592798400,1592802000,16.16
1592802000,1592805600,53.2
1592805600,1592809200,83.36
1592809200,1592812800,205.28
1592812800,1592816400,363.28
1592816400,1592820000,449.28
1592820000,1592823600,552.48
1592823600,1592827200,688.88
1592827200,1592830800,817.36
1592830800,1592834400,833.28
1592834400,1592838000,833.2
1592838000,1592841600,753.12
1592841600,1592845200,613.2
1592845200,1592848800,507.12
1592848800,1592852400,388.4
1592852400,1592856000,270.48
1592856000,1592859600,142.96
1592859600,1592863200,69.92
1592863200,1592866800,24.32
1592866800,1592870400,1.68
1592870400,1592874000,0
1592874000,1592877600,0
1592877600,1592881200,0
1592881200,1592884800,0.48
1592884800,1592888400,14.88
1592888400,1592892000,59.52
1592892000,1592895600,70.08
1592895600,1592899200,196.88
1592899200,1592902800,339.28
1592902800,1592906400,471.84
1592906400,1592910000,532.8
1592910000,1592913600,677.52
1592913600,1592917200,787.84
1592917200,1592920800,844
1592920800,1592924400,821.44
1592924400,1592928000,748.64
1592928000,1592931600,608.08
1592931600,1592935200,502.08
1592935200,1592938800,384.4
1592938800,1592942400,269.28
1592942400,1592946000,144.64
1592946000,1592949600,70.4
1592949600,1592953200,25.68
1592953200,1592956800,1.76
1592956800,1592960400,0
1592960400,1592964000,0
1592964000,1592967600,0
1592967600,1592971200,0.64
1592971200,1592974800,18.56
1592974800,1592978400,62.24
1592978400,1592982000,130.4
1592982000,1592985600,229.12
1592985600,1592989200,346.72
1592989200,1592992800,818.08
1592992800,1592996400,919.68
1592996400,1593000000,807.04
1593000000,1593003600,787.04
1593003600,1593007200,833.52
1593007200,1593010800,816.24
1593010800,1593014400,743.44
1593014400,1593018000,603.44
1593018000,1593021600,496.32
1593021600,1593025200,380.88
1593025200,1593028800,265.84
1593028800,1593032400,144.56
1593032400,1593036000,71.84
1593036000,1593039600,24.48
1593039600,1593043200,1.44
1593043200,1593046800,0
1593046800,1593050400,0
1593050400,1593054000,0
1593054000,1593057600,0.56
1593057600,1593061200,14.8
1593061200,1593064800,65.36
1593064800,1593068400,153.76
1593068400,1593072000,235.84
1593072000,1593075600,272.64
1593075600,1593079200,419.28
1593079200,1593082800,576.4
1593082800,1593086400,708.8
1593086400,1593090000,546
1593090000,1593093600,781.04
1593093600,1593097200,784.48
1593097200,1593100800,714.96
1593100800,1593104400,381.2
1593104400,1593108000,504.72
1593108000,1593111600,390.4
1593111600,1593115200,243.2
1593115200,1593118800,93.04
1593118800,1593122400,77.6
1593122400,1593126000,28.56
1593126000,1593129600,1.76
1593129600,1593133200,0
1593133200,1593136800,0
1593136800,1593140400,0
1593140400,1593144000,0.56
1593144000,1593147600,18.88
1593147600,1593151200,76
1593151200,1593154800,145.84
1593154800,1593158400,230.16
1593158400,1593162000,347.6
1593162000,1593165600,481.28
1593165600,1593169200,603.6
1593169200,1593172800,706.08
1593172800,1593176400,750.88
1593176400,1593180000,830.4
1593180000,1593183600,807.12
1593183600,1593187200,732.08
1593187200,1593190800,570.16
1593190800,1593194400,498.32
1593194400,1593198000,374.64
1593198000,1593201600,257.28
1593201600,1593205200,148
1593205200,1593208800,73.2
1593208800,1593212400,23.4666666666667
1593212400,1593216000,0
1593216000,1593219600,0
1593219600,1593223200,0
1593223200,1593226800,0
1593226800,1593230400,0.72
1593230400,1593234000,18.32
1593234000,1593237600,62.4
1593237600,1593241200,136.16
1593241200,1593244800,231.04
1593244800,1593248400,347.2
1593248400,1593252000,472.08
1593252000,1593255600,595.12
1593255600,1593259200,707.36
1593259200,1593262800,787.2
1593262800,1593266400,832.8
1593266400,1593270000,808
1593270000,1593273600,738.24
1593273600,1593277200,611.6
1593277200,1593280800,493.2
1593280800,1593284400,373.92
1593284400,1593288000,262.88
1593288000,1593291600,153.28
1593291600,1593295200,70.08
1593295200,1593298800,24.88
1593298800,1593302400,1.68
1593302400,1593306000,0
1593306000,1593309600,0
1593309600,1593313200,0
1593313200,1593316800,0.64
1593316800,1593320400,18
1593320400,1593324000,61.6
1593324000,1593327600,133.2
1593327600,1593331200,226.16
1593331200,1593334800,342.4
1593334800,1593338400,466.16
1593338400,1593342000,588.96
1593342000,1593345600,694.4
1593345600,1593349200,774.96
1593349200,1593352800,813.84
1593352800,1593356400,797.6
1593356400,1593360000,720
1593360000,1593363600,602
1593363600,1593367200,483.68
1593367200,1593370800,366.4
1593370800,1593374400,252.72
1593374400,1593378000,151.44
1593378000,1593381600,74.4
1593381600,1593385200,24.56
1593385200,1593388800,1.6
1593388800,1593392400,0
1593392400,1593396000,0
1593396000,1593399600,0
1593399600,1593403200,0.56
1593403200,1593406800,17.84
1593406800,1593410400,62.24
1593410400,1593414000,136.4
1593414000,1593417600,233.28
1593417600,1593421200,353.12
1593421200,1593424800,481.92
1593424800,1593428400,604.56
1593428400,1593432000,719.44
1593432000,1593435600,811.52
1593435600,1593439200,845.44
1593439200,1593442800,834.08
1593442800,1593446400,758.4
1593446400,1593450000,637.76
1593450000,1593453600,502.64
1593453600,1593457200,391.6
1593457200,1593460800,273.6
1593460800,1593464400,161.52
1593464400,1593468000,76.88
1593468000,1593471600,23.8933333333333
1593471600,1593475200,0
1593475200,1593478800,0
1593478800,1593482400,0
1593482400,1593486000,0
1593486000,1593489600,0.64
1593489600,1593493200,17.52
1593493200,1593496800,61.92
1593496800,1593500400,137.52
1593500400,1593504000,236.72
1593504000,1593507600,356.32
1593507600,1593511200,479.28
1593511200,1593514800,617.36
1593514800,1593518400,602.56
1593518400,1593522000,782.8
1593522000,1593525600,664.56
1593525600,1593529200,851.44
1593529200,1593532800,645.76
1593532800,1593536400,605.76
1593536400,1593540000,321.04
1593540000,1593543600,395.92
1593543600,1593547200,281.04
1593547200,1593550800,161.76
1593550800,1593554400,73.84
1593554400,1593558000,22.72
1593558000,1593561600,0
1593561600,1593565200,0
1593565200,1593568800,0
1593568800,1593572400,0
1593572400,1593576000,0.64
1593576000,1593579600,17.12
1593579600,1593583200,61.28
1593583200,1593586800,136.08
1593586800,1593590400,233.12
1593590400,1593594000,350.8
1593594000,1593597600,479.52
1593597600,1593601200,602.32
1593601200,1593604800,723.92
1593604800,1593608400,803.12
1593608400,1593612000,843.68
1593612000,1593615600,819.2
1593615600,1593619200,754.48
1593619200,1593622800,587.04
1593622800,1593626400,469.92
1593626400,1593630000,365.36
1593630000,1593633600,264.4
1593633600,1593637200,117.6
1593637200,1593640800,44.48
1593640800,1593644400,7.89333333333333
1593644400,1593648000,0
1593648000,1593651600,0
1593651600,1593655200,0
1593655200,1593658800,0
1593658800,1593662400,0.32
1593662400,1593666000,12.16
1593666000,1593669600,50.8
1593669600,1593673200,118.24
1593673200,1593676800,220.72
1593676800,1593680400,332.32
1593680400,1593684000,453.04
1593684000,1593687600,424.64
1593687600,1593691200,639.28
1593691200,1593694800,774.56
1593694800,1593698400,762.64
1593698400,1593702000,576.88
1593702000,1593705600,670.8
1593705600,1593709200,603.92
1593709200,1593712800,428.88
1593712800,1593716400,294.16
1593716400,1593720000,253.2
1593720000,1593723600,149.52
1593723600,1593727200,68.48
1593727200,1593730800,22.1866666666667
1593730800,1593734400,0
1593734400,1593738000,0
1593738000,1593741600,0
1593741600,1593745200,0
1593745200,1593748800,0.4
1593748800,1593752400,15.28
1593752400,1593756000,60.24
1593756000,1593759600,121.36
1593759600,1593763200,223.12
1593763200,1593766800,335.84
1593766800,1593770400,432.72
1593770400,1593774000,575.36
1593774000,1593777600,727.36
1593777600,1593781200,637.28
1593781200,1593784800,478.32
1593784800,1593788400,474.32
1593788400,1593792000,604.8
1593792000,1593795600,383.68
1593795600,1593799200,127.84
1593799200,1593802800,32.72
1593802800,1593806400,100.64
1593806400,1593810000,66.96
1593810000,1593813600,22
1593813600,1593817200,10.56
1593817200,1593820800,0
1593820800,1593824400,0
1593824400,1593828000,0
1593828000,1593831600,0
1593831600,1593835200,0.32
1593835200,1593838800,11.52
1593838800,1593842400,77.2
1593842400,1593846000,121.12
1593846000,1593849600,232.88
1593849600,1593853200,343.6
1593853200,1593856800,492.88
1593856800,1593860400,423.84
1593860400,1593864000,617.92
1593864000,1593867600,747.52
1593867600,1593871200,798.48
1593871200,1593874800,445.28
1593874800,1593878400,637.76
1593878400,1593882000,555.44
1593882000,1593885600,448.08
1593885600,1593889200,166.56
1593889200,1593892800,254
1593892800,1593896400,140
1593896400,1593900000,65.28
1593900000,1593903600,21.9733333333333
1593903600,1593907200,0
1593907200,1593910800,0
1593910800,1593914400,0
1593914400,1593918000,0
1593918000,1593921600,0.48
1593921600,1593925200,16
1593925200,1593928800,59.36
1593928800,1593932400,133.92
1593932400,1593936000,228.56
1593936000,1593939600,344.56
1593939600,1593943200,472.64
1593943200,1593946800,496.88
1593946800,1593950400,507.68
1593950400,1593954000,812.8
1593954000,1593957600,849.68
1593957600,1593961200,729.2
1593961200,1593964800,552.16
1593964800,1593968400,642.4
1593968400,1593972000,502.24
1593972000,1593975600,391.36
1593975600,1593979200,274.24
1593979200,1593982800,158.16
1593982800,1593986400,65.84
1593986400,1593990000,23.36
1593990000,1593993600,0
1593993600,1593997200,0
1593997200,1594000800,0
1594000800,1594004400,0
1594004400,1594008000,0.48
1594008000,1594011600,15.84
1594011600,1594015200,59.04
1594015200,1594018800,133.04
1594018800,1594022400,229.68
1594022400,1594026000,346.32
1594026000,1594029600,466.16
1594029600,1594033200,592.08
1594033200,1594036800,705.84
1594036800,1594040400,826.773333333333
1594040400,1594044000,826.24
1594044000,1594047600,821.76
1594047600,1594051200,750.16
1594051200,1594054800,626.48
1594054800,1594058400,490.96
1594058400,1594062000,386.72
1594062000,1594065600,275.12
1594065600,1594069200,159.12
1594069200,1594072800,71.84
1594072800,1594076400,22.1866666666667
1594076400,1594080000,0
1594080000,1594083600,0
1594083600,1594087200,0
1594087200,1594090800,0
1594090800,1594094400,0
1594094400,1594098000,0.8
1594098000,1594101600,4.96
1594101600,1594105200,13.04
1594105200,1594108800,30.8
1594108800,1594112400,68.56
1594112400,1594116000,114.96
1594116000,1594119600,274.72
1594119600,1594123200,377.92
1594123200,1594126800,528.4
1594126800,1594130400,540.16
1594130400,1594134000,630.72
1594134000,1594137600,622.8
1594137600,1594141200,620.8
1594141200,1594144800,503.84
1594144800,1594148400,393.52
1594148400,1594152000,277.28
1594152000,1594155600,160.16
1594155600,1594159200,73.68
1594159200,1594162800,23.04
1594162800,1594166400,0
1594166400,1594170000,0
1594170000,1594173600,0
1594173600,1594177200,0
1594177200,1594180800,0.32
1594180800,1594184400,14.8
1594184400,1594188000,58.96
1594188000,1594191600,133.12
1594191600,1594195200,230.72
1594195200,1594198800,348.24
1594198800,1594202400,471.12
1594202400,1594206000,603.92
1594206000,1594209600,718.56
1594209600,1594213200,814.56
1594213200,1594216800,839.04
1594216800,1594220400,838.88
1594220400,1594224000,762.48
1594224000,1594227600,640.4
1594227600,1594231200,489.28
1594231200,1594234800,390.48
1594234800,1594238400,275.84
1594238400,1594242000,159.28
1594242000,1594245600,62.4
1594245600,1594249200,20.2666666666667
1594249200,1594252800,0
1594252800,1594256400,0
1594256400,1594260000,0
1594260000,1594263600,0
1594263600,1594267200,0.32
1594267200,1594270800,15.04
1594270800,1594274400,57.04
1594274400,1594278000,130.48
1594278000,1594281600,227.52
1594281600,1594285200,345.92
1594285200,1594288800,464.56
1594288800,1594292400,598.64
1594292400,1594296000,714.96
1594296000,1594299600,806.32
1594299600,1594303200,834.56
1594303200,1594306800,833.68
1594306800,1594310400,759.84
1594310400,1594314000,634
1594314000,1594317600,498.32
1594317600,1594321200,389.12
1594321200,1594324800,273.36
1594324800,1594328400,158.56
1594328400,1594332000,71.28
1594332000,1594335600,22.1866666666667
1594335600,1594339200,0
1594339200,1594342800,0
1594342800,1594346400,0
1594346400,1594350000,0
1594350000,1594353600,0.24
1594353600,1594357200,14.4
1594357200,1594360800,55.68
1594360800,1594364400,126.96
1594364400,1594368000,222.48
1594368000,1594371600,338.4
1594371600,1594375200,458.88
1594375200,1594378800,587.76
1594378800,1594382400,702
1594382400,1594386000,792.64
1594386000,1594389600,822.96
1594389600,1594393200,811.68
1594393200,1594396800,661.546666666667
1594396800,1594400400,621.92
1594400400,1594404000,489.28
1594404000,1594407600,373.76
1594407600,1594411200,256.88
1594411200,1594414800,124.8
1594414800,1594418400,0
1594418400,1594422000,0
1594422000,1594425600,0
1594425600,1594429200,0
1594429200,1594432800,0
1594432800,1594436400,0
1594436400,1594440000,0.32
1594440000,1594443600,26.72
1594443600,1594447200,110.08
1594447200,1594450800,236
1594450800,1594454400,421.28
1594454400,1594458000,616.16
1594458000,1594461600,782.24
1594461600,1594465200,891.52
1594465200,1594468800,929.76
1594468800,1594472400,912.32
1594472400,1594476000,819.68
1594476000,1594479600,706.72
1594479600,1594483200,127.04
1594483200,1594486800,103.84
1594486800,1594490400,38.88
1594490400,1594494000,4.48
1594494000,1594497600,0.64
1594497600,1594501200,0
1594501200,1594504800,0
1594504800,1594508400,0
1594508400,1594512000,0
1594512000,1594515600,0
1594515600,1594519200,0
1594519200,1594522800,0
1594522800,1594526400,0.32
1594526400,1594530000,9.28
1594530000,1594533600,18.24
1594533600,1594537200,52
1594537200,1594540800,146.24
1594540800,1594544400,216
1594544400,1594548000,268.32
1594548000,1594551600,354.88
1594551600,1594555200,563.84
1594555200,1594558800,577.76
1594558800,1594562400,511.36
1594562400,1594566000,407.68
1594566000,1594569600,293.92
1594569600,1594573200,178.08
1594573200,1594576800,87.2
1594576800,1594580400,30.4
1594580400,1594584000,1.44
1594584000,1594587600,0
1594587600,1594591200,0
1594591200,1594594800,0
1594594800,1594598400,0
1594598400,1594602000,0
1594602000,1594605600,0
1594605600,1594609200,0
1594609200,1594612800,0.32
1594612800,1594616400,24.8
1594616400,1594620000,85.76
1594620000,1594623600,165.12
1594623600,1594627200,277.76
1594627200,1594630800,405.6
1594630800,1594634400,320.48
1594634400,1594638000,605.6
1594638000,1594641600,494.88
1594641600,1594645200,593.12
1594645200,1594648800,517.76
1594648800,1594652400,410.72
1594652400,1594656000,294.56
1594656000,1594659600,184.48
1594659600,1594663200,86.56
1594663200,1594666800,29.6
1594666800,1594670400,1.28
1594670400,1594674000,0
1594674000,1594677600,0
1594677600,1594681200,0
1594681200,1594684800,0
1594684800,1594688400,0
1594688400,1594692000,0
1594692000,1594695600,0
1594695600,1594699200,0.16
1594699200,1594702800,17.6
1594702800,1594706400,75.84
1594706400,1594710000,162.56
1594710000,1594713600,273.92
1594713600,1594717200,353.76
1594717200,1594720800,318.4
1594720800,1594724400,618.4
1594724400,1594728000,617.76
1594728000,1594731600,588.48
1594731600,1594735200,507.52
1594735200,1594738800,411.68
1594738800,1594742400,290.4
1594742400,1594746000,185.76
1594746000,1594749600,84.64
1594749600,1594753200,25.6
1594753200,1594756800,1.12
1594756800,1594760400,0
1594760400,1594764000,0
1594764000,1594767600,0
1594767600,1594771200,0
1594771200,1594774800,0
1594774800,1594778400,0
1594778400,1594782000,0
1594782000,1594785600,0.16
1594785600,1594789200,14.88
1594789200,1594792800,70.08
1594792800,1594796400,135.04
1594796400,1594800000,265.44
1594800000,1594803600,396.8
1594803600,1594807200,505.76
1594807200,1594810800,576.64
1594810800,1594814400,571.84
1594814400,1594818000,558.24
1594818000,1594821600,122.88
1594821600,1594825200,255.04
1594825200,1594828800,163.84
1594828800,1594832400,181.28
1594832400,1594836000,135.04
1594836000,1594839600,25.6
1594839600,1594843200,0.96
1594843200,1594846800,0
1594846800,1594850400,0
1594850400,1594854000,0
1594854000,1594857600,0
1594857600,1594861200,0
1594861200,1594864800,0
1594864800,1594868400,0
1594868400,1594872000,0.16
1594872000,1594875600,22.08
1594875600,1594879200,67.68
1594879200,1594882800,165.6
1594882800,1594886400,230.56
1594886400,1594890000,362.88
1594890000,1594893600,450.88
1594893600,1594897200,590.88
1594897200,1594900800,630.4
1594900800,1594904400,535.04
1594904400,1594908000,239.2
1594908000,1594911600,279.52
1594911600,1594915200,197.28
1594915200,1594918800,185.12
1594918800,1594922400,84
1594922400,1594926000,27.84
1594926000,1594929600,1.12
1594929600,1594933200,0
1594933200,1594936800,0
1594936800,1594940400,0
1594940400,1594944000,0
1594944000,1594947600,0
1594947600,1594951200,0
1594951200,1594954800,0
1594954800,1594958400,0
1594958400,1594962000,3.2
1594962000,1594965600,13.28
1594965600,1594969200,34.24
1594969200,1594972800,64.96
1594972800,1594976400,96
1594976400,1594980000,101.28
1594980000,1594983600,225.28
1594983600,1594987200,634.56
1594987200,1594990800,831.2
1594990800,1594994400,738.56
1594994400,1594998000,529.6
1594998000,1595001600,283.36
1595001600,1595005200,238.56
1595005200,1595008800,110.56
1595008800,1595012400,35.52
1595012400,1595016000,1.44
1595016000,1595019600,0
1595019600,1595023200,0
1595023200,1595026800,0
1595026800,1595030400,0
1595030400,1595034000,0
1595034000,1595037600,0
1595037600,1595041200,0
1595041200,1595044800,0
1595044800,1595048400,9.76
1595048400,1595052000,72.8
1595052000,1595055600,170.08
1595055600,1595059200,377.6
1595059200,1595062800,434.56
1595062800,1595066400,699.68
1595066400,1595070000,772.16
1595070000,1595073600,817.28
1595073600,1595077200,0.16
1595077200,1595080800,0
1595080800,1595084400,0
1595084400,1595088000,240.16
1595088000,1595091600,0
1595091600,1595095200,0
1595095200,1595098800,0
1595098800,1595102400,0
1595102400,1595106000,0
1595106000,1595109600,0
1595109600,1595113200,0
1595113200,1595116800,0
1595116800,1595120400,0
1595120400,1595124000,0
1595124000,1595127600,0
1595127600,1595131200,0
1595131200,1595134800,0
1595134800,1595138400,0
1595138400,1595142000,0
1595142000,1595145600,0
1595145600,1595149200,0
1595149200,1595152800,0
1595152800,1595156400,0
1595156400,1595160000,0
1595160000,1595163600,0
1595163600,1595167200,0
1595167200,1595170800,0
1595170800,1595174400,0
1595174400,1595178000,0
1595178000,1595181600,0
1595181600,1595185200,0
1595185200,1595188800,0
1595188800,1595192400,0
1595192400,1595196000,0
1595196000,1595199600,0
1595199600,1595203200,0
1595203200,1595206800,0
1595206800,1595210400,0
1595210400,1595214000,0
1595214000,1595217600,0
1595217600,1595221200,0
1595221200,1595224800,0
1595224800,1595228400,0
1595228400,1595232000,0
1595232000,1595235600,0
1595235600,1595239200,0
1595239200,1595242800,0
1595242800,1595246400,0
1595246400,1595250000,0
1595250000,1595253600,0
1595253600,1595257200,0
1595257200,1595260800,0
1595260800,1595264400,0
1595264400,1595268000,0
1595268000,1595271600,0
1595271600,1595275200,0
1595275200,1595278800,0
1595278800,1595282400,0
1595282400,1595286000,0
1595286000,1595289600,0
1595289600,1595293200,0
1595293200,1595296800,0
1595296800,1595300400,0
1595300400,1595304000,0
1595304000,1595307600,0
1595307600,1595311200,0
1595311200,1595314800,0
1595314800,1595318400,0
1595318400,1595322000,0
1595322000,1595325600,0
1595325600,1595329200,0
1595329200,1595332800,0
1595332800,1595336400,0
1595336400,1595340000,0
1595340000,1595343600,0
1595343600,1595347200,0
1595347200,1595350800,0
1595350800,1595354400,0
1595354400,1595358000,0
1595358000,1595361600,0
1595361600,1595365200,0
1595365200,1595368800,0
1595368800,1595372400,0
1595372400,1595376000,0
1595376000,1595379600,0
1595379600,1595383200,0
1595383200,1595386800,0
1595386800,1595390400,0
1595390400,1595394000,0
1595394000,1595397600,0
1595397600,1595401200,0
1595401200,1595404800,0
1595404800,1595408400,0
1595408400,1595412000,0
1595412000,1595415600,0
1595415600,1595419200,0
1595419200,1595422800,0
1595422800,1595426400,146.08
1595426400,1595430000,309.92
1595430000,1595433600,194.72
1595433600,1595437200,149.44
1595437200,1595440800,71.68
1595440800,1595444400,56.64
1595444400,1595448000,0.64
1595448000,1595451600,0
1595451600,1595455200,0
1595455200,1595458800,0
1595458800,1595462400,0
1595462400,1595466000,0
1595466000,1595469600,0
1595469600,1595473200,0
1595473200,1595476800,0
1595476800,1595480400,19.0575
1595480400,1595484000,131.0925
1595484000,1595487600,299.145
1595487600,1595491200,468.16
1595491200,1595494800,615.615
1595494800,1595498400,705.1275
1595498400,1595502000,795.41
1595502000,1595505600,894.5475
1595505600,1595509200,837.5675
1595509200,1595512800,770.385
1595512800,1595516400,345.9225
1595516400,1595520000,158.235
1595520000,1595523600,106.645
1595523600,1595527200,189.9975
1595527200,1595530800,26.7575
1595530800,1595534400,1.28333333333333
1595534400,1595538000,0
1595538000,1595541600,0
1595541600,1595545200,0
1595545200,1595548800,0
1595548800,1595552400,0
1595552400,1595556000,0
1595556000,1595559600,0
1595559600,1595563200,0
1595563200,1595566800,16.16
1595566800,1595570400,88.16
1595570400,1595574000,212.8
1595574000,1595577600,279.04
1595577600,1595581200,319.565
1595581200,1595584800,681.335
1595584800,1595588400,28.38
1595588400,1595592000,56.33
1595592000,1595595600,53.32
1595595600,1595599200,433.87
1595599200,1595602800,256.495
1595602800,1595606400,73.53
1595606400,1595610000,211.345
1595610000,1595613600,160.605
1595613600,1595617200,80.41
1595617200,1595620800,1.075
1595620800,1595624400,0
1595624400,1595628000,0
1595628000,1595631600,0
1595631600,1595635200,0
1595635200,1595638800,0
1595638800,1595642400,0
1595642400,1595646000,0
1595646000,1595649600,0
1595649600,1595653200,20.64
1595653200,1595656800,173.505
1595656800,1595660400,373.24
1595660400,1595664000,562.87
1595664000,1595667600,718.1
1595667600,1595671200,826.675
1595671200,1595674800,912.675
1595674800,1595678400,1004.91
1595678400,1595682000,934.175
1595682000,1595685600,831.835
1595685600,1595689200,724.98
1595689200,1595692800,578.995
1595692800,1595696400,410.865
1595696400,1595700000,161.25
1595700000,1595703600,66.005
1595703600,1595707200,0.86
1595707200,1595710800,0
1595710800,1595714400,0
1595714400,1595718000,0
1595718000,1595721600,0
1595721600,1595725200,0
1595725200,1595728800,0
1595728800,1595732400,0
1595732400,1595736000,0
1595736000,1595739600,24.94
1595739600,1595743200,149.64
1595743200,1595746800,257.57
1595746800,1595750400,416.67
1595750400,1595754000,657.9
1595754000,1595757600,817.86
1595757600,1595761200,860.43
1595761200,1595764800,901.71
1595764800,1595768400,872.255
1595768400,1595772000,750.78
1595772000,1595775600,676.605
1595775600,1595779200,562.01
1595779200,1595782800,381.41
1595782800,1595786400,184.47
1595786400,1595790000,66.435
1595790000,1595793600,0.86
1595793600,1595797200,0
1595797200,1595800800,0
1595800800,1595804400,0
1595804400,1595808000,0
1595808000,1595811600,0
1595811600,1595815200,0
1595815200,1595818800,0
1595818800,1595822400,0
1595822400,1595826000,27.52
1595826000,1595829600,172.645
1595829600,1595833200,341.85
1595833200,1595836800,528.685
1595836800,1595840400,689.505
1595840400,1595844000,805.175
1595844000,1595847600,882.575
1595847600,1595851200,993.515
1595851200,1595854800,913.535
1595854800,1595858400,809.26
1595858400,1595862000,718.745
1595862000,1595865600,565.665
1595865600,1595869200,397.32
1595869200,1595872800,191.135
1595872800,1595876400,62.565
1595876400,1595880000,0.86
1595880000,1595883600,0
1595883600,1595887200,0
1595887200,1595890800,0
1595890800,1595894400,0
1595894400,1595898000,0
1595898000,1595901600,0
1595901600,1595905200,0
1595905200,1595908800,0
1595908800,1595912400,28.81
1595912400,1595916000,158.455
1595916000,1595919600,342.925
1595919600,1595923200,531.695
1595923200,1595926800,671.445
1595926800,1595930400,808.615
1595930400,1595934000,878.275
1595934000,1595937600,999.105
1595937600,1595941200,913.75
1595941200,1595944800,808.615
1595944800,1595948400,693.375
1595948400,1595952000,561.58
1595952000,1595955600,400.975
1595955600,1595959200,165.765
1595959200,1595962800,50.74
1595962800,1595966400,0.43
1595966400,1595970000,0
1595970000,1595973600,0
1595973600,1595977200,0
1595977200,1595980800,0
1595980800,1595984400,0
1595984400,1595988000,0
1595988000,1595991600,0
1595991600,1595995200,0
1595995200,1595998800,19.565
1595998800,1596002400,133.73
1596002400,1596006000,299.495
1596006000,1596009600,490.2
1596009600,1596013200,662.845
1596013200,1596016800,777.87
1596016800,1596020400,876.34
1596020400,1596024000,966.64
1596024000,1596027600,890.1
1596027600,1596031200,793.78
1596031200,1596034800,699.61
1596034800,1596038400,541.155
1596038400,1596042000,362.49
1596042000,1596045600,152.22
1596045600,1596049200,44.505
1596049200,1596052800,0.43
1596052800,1596056400,0
1596056400,1596060000,0
1596060000,1596063600,0
1596063600,1596067200,0
1596067200,1596070800,0
1596070800,1596074400,0
1596074400,1596078000,0
1596078000,1596081600,0
1596081600,1596085200,18.92
1596085200,1596088800,141.255
1596088800,1596092400,307.02
1596092400,1596096000,492.995
1596096000,1596099600,652.525
1596099600,1596103200,760.67
1596103200,1596106800,844.735
1596106800,1596110400,945.355
1596110400,1596114000,874.405
1596114000,1596117600,800.875
1596117600,1596121200,681.55
1596121200,1596124800,523.955
1596124800,1596128400,349.375
1596128400,1596132000,151.79
1596132000,1596135600,40.635
1596135600,1596139200,0.43
1596139200,1596142800,0
1596142800,1596146400,0
1596146400,1596150000,0
1596150000,1596153600,0
1596153600,1596157200,0
1596157200,1596160800,0
1596160800,1596164400,0
1596164400,1596168000,0
1596168000,1596171600,16.34
1596171600,1596175200,95.245
1596175200,1596178800,240.8
1596178800,1596182400,466.98
1596182400,1596186000,637.69
1596186000,1596189600,758.735
1596189600,1596193200,836.995
1596193200,1596196800,927.94
1596196800,1596200400,875.91
1596200400,1596204000,634.68
1596204000,1596207600,445.05
1596207600,1596211200,173.935
1596211200,1596214800,149.425
1596214800,1596218400,86.645
1596218400,1596222000,40.635
1596222000,1596225600,0.215
1596225600,1596229200,0
1596229200,1596232800,0
1596232800,1596236400,0
1596236400,1596240000,0
1596240000,1596243600,0
1596243600,1596247200,0
1596247200,1596250800,0
1596250800,1596254400,0
1596254400,1596258000,16.77
1596258000,1596261600,130.29
1596261600,1596265200,296.485
1596265200,1596268800,500.52
1596268800,1596272400,663.92
1596272400,1596276000,774
1596276000,1596279600,866.235
1596279600,1596283200,961.695
1596283200,1596286800,882.575
1596286800,1596290400,797.65
1596290400,1596294000,695.525
1596294000,1596297600,556.635
1596297600,1596301200,349.805
1596301200,1596304800,143.835
1596304800,1596308400,32.465
1596308400,1596312000,0.215
1596312000,1596315600,0
1596315600,1596319200,0
1596319200,1596322800,0
1596322800,1596326400,0
1596326400,1596330000,0
1596330000,1596333600,0
1596333600,1596337200,0
1596337200,1596340800,0
1596340800,1596344400,5.375
1596344400,1596348000,45.58
1596348000,1596351600,139.965
1596351600,1596355200,453.005
1596355200,1596358800,695.095
1596358800,1596362400,783.675
1596362400,1596366000,856.345
1596366000,1596369600,935.035
1596369600,1596373200,876.77
1596373200,1596376800,788.62
1596376800,1596380400,705.63
1596380400,1596384000,383.99
1596384000,1596387600,181.03
1596387600,1596391200,136.525
1596391200,1596394800,33.97
1596394800,1596398400,0.215
1596398400,1596402000,0
1596402000,1596405600,0
1596405600,1596409200,0
1596409200,1596412800,0
1596412800,1596416400,0
1596416400,1596420000,0
1596420000,1596423600,0
1596423600,1596427200,0
1596427200,1596430800,2.795
1596430800,1596434400,62.565
1596434400,1596438000,282.08
1596438000,1596441600,480.31
1596441600,1596445200,603.29
1596445200,1596448800,418.605
1596448800,1596452400,222.525
1596452400,1596456000,416.67
1596456000,1596459600,320.995
1596459600,1596463200,366.79
1596463200,1596466800,282.08
1596466800,1596470400,385.065
1596470400,1596474000,169.205
1596474000,1596477600,220.375
1596477600,1596481200,62.78
1596481200,1596484800,0.215
1596484800,1596488400,0
1596488400,1596492000,0
1596492000,1596495600,0
1596495600,1596499200,0
1596499200,1596502800,0
1596502800,1596506400,0
1596506400,1596510000,0
1596510000,1596513600,0
1596513600,1596517200,18.275
1596517200,1596520800,132.87
1596520800,1596524400,219.515
1596524400,1596528000,270.255
1596528000,1596531600,61.49
1596531600,1596535200,26.015
1596535200,1596538800,32.68
1596538800,1596542400,150.715
1596542400,1596546000,315.19
1596546000,1596549600,640.485
1596549600,1596553200,540.94
1596553200,1596556800,363.35
1596556800,1596560400,283.8
1596560400,1596564000,99.975
1596564000,1596567600,25.155
1596567600,1596571200,0
1596571200,1596574800,0
1596574800,1596578400,0
1596578400,1596582000,0
1596582000,1596585600,0
1596585600,1596589200,0
1596589200,1596592800,0
1596592800,1596596400,0
1596596400,1596600000,0
1596600000,1596603600,12.255
1596603600,1596607200,146.63
1596607200,1596610800,139.105
1596610800,1596614400,241.445
1596614400,1596618000,223.17
1596618000,1596621600,510.84
1596621600,1596625200,763.465
1596625200,1596628800,916.76
1596628800,1596632400,858.71
1596632400,1596636000,666.93
1596636000,1596639600,710.145
1596639600,1596643200,394.74
1596643200,1596646800,320.995
1596646800,1596650400,189.415
1596650400,1596654000,55.255
1596654000,1596657600,0
1596657600,1596661200,0
1596661200,1596664800,0
1596664800,1596668400,0
1596668400,1596672000,0
1596672000,1596675600,0
1596675600,1596679200,0
1596679200,1596682800,0
1596682800,1596686400,0
1596686400,1596690000,2.15
1596690000,1596693600,14.835
1596693600,1596697200,107.5
1596697200,1596700800,291.325
1596700800,1596704400,607.805
1596704400,1596708000,812.485
1596708000,1596711600,643.28
1596711600,1596715200,744.33
1596715200,1596718800,772.495
1596718800,1596722400,671.23
1596722400,1596726000,749.275
1596726000,1596729600,521.375
1596729600,1596733200,366.79
1596733200,1596736800,152.005
1596736800,1596740400,33.97
1596740400,1596744000,0
1596744000,1596747600,0
1596747600,1596751200,0
1596751200,1596754800,0
1596754800,1596758400,0
1596758400,1596762000,0
1596762000,1596765600,0
1596765600,1596769200,0
1596769200,1596772800,0
1596772800,1596776400,11.61
1596776400,1596780000,129
1596780000,1596783600,296.27
1596783600,1596787200,505.25
1596787200,1596790800,679.4
1596790800,1596794400,805.82
1596794400,1596798000,762.605
1596798000,1596801600,696.6
1596801600,1596805200,866.235
1596805200,1596808800,824.525
1596808800,1596812400,714.66
1596812400,1596816000,568.675
1596816000,1596819600,355.61
1596819600,1596823200,151.36
1596823200,1596826800,30.1
1596826800,1596830400,0
1596830400,1596834000,0
1596834000,1596837600,0
1596837600,1596841200,0
1596841200,1596844800,0
1596844800,1596848400,0
1596848400,1596852000,0
1596852000,1596855600,0
1596855600,1596859200,0
1596859200,1596862800,11.61
1596862800,1596866400,122.98
1596866400,1596870000,295.195
1596870000,1596873600,494.93
1596873600,1596877200,679.615
1596877200,1596880800,778.3
1596880800,1596884400,913.105
1596884400,1596888000,780.665
1596888000,1596891600,860.86
1596891600,1596895200,795.285
1596895200,1596898800,710.36
1596898800,1596902400,565.45
1596902400,1596906000,347.225
1596906000,1596909600,155.875
1596909600,1596913200,29.025
1596913200,1596916800,0
1596916800,1596920400,0
1596920400,1596924000,0
1596924000,1596927600,0
1596927600,1596931200,0
1596931200,1596934800,0
1596934800,1596938400,0
1596938400,1596942000,0
1596942000,1596945600,0
1596945600,1596949200,10.965
1596949200,1596952800,120.4
1596952800,1596956400,291.54
1596956400,1596960000,495.79
1596960000,1596963600,682.625
1596963600,1596967200,772.925
1596967200,1596970800,846.025
1596970800,1596974400,929.66
1596974400,1596978000,849.895
1596978000,1596981600,794.64
1596981600,1596985200,716.38
1596985200,1596988800,568.89
1596988800,1596992400,350.45
1596992400,1596996000,164.69
1596996000,1596999600,28.595
1596999600,1597003200,0
1597003200,1597006800,0
1597006800,1597010400,0
1597010400,1597014000,0
1597014000,1597017600,0
1597017600,1597021200,0
1597021200,1597024800,0
1597024800,1597028400,0
1597028400,1597032000,0
1597032000,1597035600,9.675
1597035600,1597039200,112.015
1597039200,1597042800,281.65
1597042800,1597046400,478.59
1597046400,1597050000,661.77
1597050000,1597053600,767.98
1597053600,1597057200,843.23
1597057200,1597060800,931.165
1597060800,1597064400,861.72
1597064400,1597068000,781.095
1597068000,1597071600,688.86
1597071600,1597075200,543.52
1597075200,1597078800,335.4
1597078800,1597082400,140.825
1597082400,1597086000,18.92
1597086000,1597089600,0
1597089600,1597093200,0
1597093200,1597096800,0
1597096800,1597100400,0
1597100400,1597104000,0
1597104000,1597107600,0
1597107600,1597111200,0
1597111200,1597114800,0
1597114800,1597118400,0
1597118400,1597122000,9.03
1597122000,1597125600,107.93
1597125600,1597129200,274.34
1597129200,1597132800,466.98
1597132800,1597136400,660.05
1597136400,1597140000,751.64
1597140000,1597143600,838.285
1597143600,1597147200,925.575
1597147200,1597150800,858.28
1597150800,1597154400,786.04
1597154400,1597158000,589.745
1597158000,1597161600,589.1
1597161600,1597165200,190.49
1597165200,1597168800,55.685
1597168800,1597172400,12.685
1597172400,1597176000,0
1597176000,1597179600,0
1597179600,1597183200,0
1597183200,1597186800,0
1597186800,1597190400,0
1597190400,1597194000,0
1597194000,1597197600,0
1597197600,1597201200,0
1597201200,1597204800,0
1597204800,1597208400,7.525
1597208400,1597212000,73.745
1597212000,1597215600,232.2
1597215600,1597219200,446.77
1597219200,1597222800,642.205
1597222800,1597226400,741.105
1597226400,1597230000,835.275
1597230000,1597233600,918.48
1597233600,1597237200,857.205
1597237200,1597240800,775.29
1597240800,1597244400,677.465
1597244400,1597248000,506.54
1597248000,1597251600,242.09
1597251600,1597255200,130.72
1597255200,1597258800,18.92
1597258800,1597262400,0
1597262400,1597266000,0
1597266000,1597269600,0
1597269600,1597273200,0
1597273200,1597276800,0
1597276800,1597280400,0
1597280400,1597284000,0
1597284000,1597287600,0
1597287600,1597291200,0
1597291200,1597294800,6.88
1597294800,1597298400,105.78
1597298400,1597302000,279.715
1597302000,1597305600,473.645
1597305600,1597309200,662.845
1597309200,1597312800,789.265
1597312800,1597316400,813.13
1597316400,1597320000,916.33
1597320000,1597323600,647.15
1597323600,1597327200,775.935
1597327200,1597330800,726.055
1597330800,1597334400,566.31
1597334400,1597338000,291.97
1597338000,1597341600,137.6
1597341600,1597345200,16.77
1597345200,1597348800,0
1597348800,1597352400,0
1597352400,1597356000,0
1597356000,1597359600,0
1597359600,1597363200,0
1597363200,1597366800,0
1597366800,1597370400,0
1597370400,1597374000,0
1597374000,1597377600,0
1597377600,1597381200,5.375
1597381200,1597384800,85.14
1597384800,1597388400,255.42
1597388400,1597392000,460.96
1597392000,1597395600,649.945
1597395600,1597399200,751.425
1597399200,1597402800,832.265
1597402800,1597406400,905.58
1597406400,1597410000,834.845
1597410000,1597413600,781.095
1597413600,1597417200,677.895
1597417200,1597420800,206.615
1597420800,1597424400,110.51
1597424400,1597428000,35.26
1597428000,1597431600,11.61
1597431600,1597435200,0
1597435200,1597438800,0
1597438800,1597442400,0
1597442400,1597446000,0
1597446000,1597449600,0
1597449600,1597453200,0
1597453200,1597456800,0
1597456800,1597460400,0
1597460400,1597464000,0
1597464000,1597467600,4.3
1597467600,1597471200,87.72
1597471200,1597474800,223.385
1597474800,1597478400,413.66
1597478400,1597482000,661.125
1597482000,1597485600,772.495
1597485600,1597489200,852.475
1597489200,1597492800,943.635
1597492800,1597496400,759.165
1597496400,1597500000,666.93
1597500000,1597503600,568.03
1597503600,1597507200,227.685
1597507200,1597510800,97.18
1597510800,1597514400,78.905
1597514400,1597518000,11.395
1597518000,1597521600,0
1597521600,1597525200,0
1597525200,1597528800,0
1597528800,1597532400,0
1597532400,1597536000,0
1597536000,1597539600,0
1597539600,1597543200,0
1597543200,1597546800,0
1597546800,1597550400,0
1597550400,1597554000,6.45
1597554000,1597557600,103.63
1597557600,1597561200,280.145
1597561200,1597564800,482.245
1597564800,1597568400,681.12
1597568400,1597572000,781.74
1597572000,1597575600,851.615
1597575600,1597579200,904.935
1597579200,1597582800,842.155
1597582800,1597586400,795.715
1597586400,1597590000,656.61
1597590000,1597593600,557.28
1597593600,1597597200,160.82
1597597200,1597600800,118.68
1597600800,1597604400,11.18
1597604400,1597608000,0
1597608000,1597611600,0
1597611600,1597615200,0
1597615200,1597618800,0
1597618800,1597622400,0
1597622400,1597626000,0
1597626000,1597629600,0
1597629600,1597633200,0
1597633200,1597636800,0
1597636800,1597640400,5.59
1597640400,1597644000,88.365
1597644000,1597647600,279.93
1597647600,1597651200,435.375
1597651200,1597654800,532.34
1597654800,1597658400,809.905
1597658400,1597662000,736.16
1597662000,1597665600,831.62
1597665600,1597669200,684.775
1597669200,1597672800,639.195
1597672800,1597676400,720.68
1597676400,1597680000,456.445
1597680000,1597683600,147.705
1597683600,1597687200,58.695
1597687200,1597690800,7.955
1597690800,1597694400,0
1597694400,1597698000,0
1597698000,1597701600,0
1597701600,1597705200,0
1597705200,1597708800,0
1597708800,1597712400,0
1597712400,1597716000,0
1597716000,1597719600,0
1597719600,1597723200,0
1597723200,1597726800,3.225
1597726800,1597730400,48.16
1597730400,1597734000,45.15
1597734000,1597737600,146.415
1597737600,1597741200,172.86
1597741200,1597744800,453.22
1597744800,1597748400,832.48
1597748400,1597752000,137.815
1597752000,1597755600,538.145
1597755600,1597759200,820.01
1597759200,1597762800,717.025
1597762800,1597766400,498.155
1597766400,1597770000,334.11
1597770000,1597773600,122.335
1597773600,1597777200,10.75
1597777200,1597780800,0
1597780800,1597784400,0
1597784400,1597788000,0
1597788000,1597791600,0
1597791600,1597795200,0
1597795200,1597798800,0
1597798800,1597802400,0
1597802400,1597806000,0
1597806000,1597809600,0
1597809600,1597813200,3.87
1597813200,1597816800,87.505
1597816800,1597820400,258
1597820400,1597824000,463.755
1597824000,1597827600,638.765
1597827600,1597831200,806.895
1597831200,1597834800,878.705
1597834800,1597838400,785.61
1597838400,1597842000,733.365
1597842000,1597845600,601.57
1597845600,1597849200,541.8
1597849200,1597852800,524.815
1597852800,1597856400,239.295
1597856400,1597860000,108.79
1597860000,1597863600,10.32
1597863600,1597867200,0
1597867200,1597870800,0
1597870800,1597874400,0
1597874400,1597878000,0
1597878000,1597881600,0
1597881600,1597885200,0
1597885200,1597888800,0
1597888800,1597892400,0
1597892400,1597896000,0
1597896000,1597899600,4.515
1597899600,1597903200,122.335
1597903200,1597906800,287.025
1597906800,1597910400,468.485
1597910400,1597914000,667.145
1597914000,1597917600,785.61
1597917600,1597921200,843.015
1597921200,1597924800,880.64
1597924800,1597928400,837.21
1597928400,1597932000,796.575
1597932000,1597935600,696.6
1597935600,1597939200,545.885
1597939200,1597942800,327.66
1597942800,1597946400,131.58
1597946400,1597950000,10.535
1597950000,1597953600,0
1597953600,1597957200,0
1597957200,1597960800,0
1597960800,1597964400,0
1597964400,1597968000,0
1597968000,1597971600,0
1597971600,1597975200,0
1597975200,1597978800,0
1597978800,1597982400,0
1597982400,1597986000,4.3
1597986000,1597989600,106.64
1597989600,1597993200,283.37
1597993200,1597996800,465.26
1597996800,1598000400,672.09
1598000400,1598004000,790.34
1598004000,1598007600,858.065
1598007600,1598011200,883.435
1598011200,1598014800,859.355
1598014800,1598018400,786.9
1598018400,1598022000,692.945
1598022000,1598025600,543.09
1598025600,1598029200,320.995
1598029200,1598032800,129.645
1598032800,1598036400,9.245
1598036400,1598040000,0
1598040000,1598043600,0
1598043600,1598047200,0
1598047200,1598050800,0
1598050800,1598054400,0
1598054400,1598058000,0
1598058000,1598061600,0
1598061600,1598065200,0
1598065200,1598068800,0
1598068800,1598072400,3.655
1598072400,1598076000,98.47
1598076000,1598079600,275.2
1598079600,1598083200,454.295
1598083200,1598086800,667.79
1598086800,1598090400,777.01
1598090400,1598094000,836.565
1598094000,1598097600,868.6
1598097600,1598101200,855.915
1598101200,1598104800,782.17
1598104800,1598108400,686.71
1598108400,1598112000,537.07
1598112000,1598115600,316.91
1598115600,1598119200,121.475
1598119200,1598122800,7.31
1598122800,1598126400,0
1598126400,1598130000,0
1598130000,1598133600,0
1598133600,1598137200,0
1598137200,1598140800,0
1598140800,1598144400,0
1598144400,1598148000,0
1598148000,1598151600,0
1598151600,1598155200,0
1598155200,1598158800,3.01
1598158800,1598162400,72.67
1598162400,1598166000,240.37
1598166000,1598169600,436.88
1598169600,1598173200,631.24
1598173200,1598176800,773.14
1598176800,1598180400,845.81
1598180400,1598184000,848.605
1598184000,1598187600,863.225
1598187600,1598191200,805.175
1598191200,1598194800,566.31
1598194800,1598198400,486.115
1598198400,1598202000,298.205
1598202000,1598205600,111.585
1598205600,1598209200,3.87
1598209200,1598212800,0
1598212800,1598216400,0
1598216400,1598220000,0
1598220000,1598223600,0
1598223600,1598227200,0
1598227200,1598230800,0
1598230800,1598234400,0
1598234400,1598238000,0
1598238000,1598241600,0
1598241600,1598245200,2.795
1598245200,1598248800,92.235
1598248800,1598252400,269.825
1598252400,1598256000,488.265
1598256000,1598259600,651.02
1598259600,1598263200,723.475
1598263200,1598266800,587.165
1598266800,1598270400,674.67
1598270400,1598274000,781.74
1598274000,1598277600,445.91
1598277600,1598281200,689.29
1598281200,1598284800,227.9
1598284800,1598288400,109.435
1598288400,1598292000,29.885
1598292000,1598295600,2.15
1598295600,1598299200,0
1598299200,1598302800,0
1598302800,1598306400,0
1598306400,1598310000,0
1598310000,1598313600,0
1598313600,1598317200,0
1598317200,1598320800,0
1598320800,1598324400,0
1598324400,1598328000,0
1598328000,1598331600,2.58
1598331600,1598335200,94.815
1598335200,1598338800,273.91
1598338800,1598342400,451.93
1598342400,1598346000,645.215
1598346000,1598349600,787.76
1598349600,1598353200,865.59
1598353200,1598356800,829.04
1598356800,1598360400,865.805
1598360400,1598364000,783.89
1598364000,1598367600,685.205
1598367600,1598371200,518.795
1598371200,1598374800,295.625
1598374800,1598378400,102.125
1598378400,1598382000,5.16
1598382000,1598385600,0
1598385600,1598389200,0
1598389200,1598392800,0
1598392800,1598396400,0
1598396400,1598400000,0
1598400000,1598403600,0
1598403600,1598407200,0
1598407200,1598410800,0
1598410800,1598414400,0
1598414400,1598418000,2.15
1598418000,1598421600,89.655
1598421600,1598425200,266.385
1598425200,1598428800,439.46
1598428800,1598432400,624.36
1598432400,1598436000,766.69
1598436000,1598439600,863.44
1598439600,1598443200,758.735
1598443200,1598446800,729.925
1598446800,1598450400,774.43
1598450400,1598454000,694.235
1598454000,1598457600,437.955
1598457600,1598461200,235.21
1598461200,1598464800,107.07
1598464800,1598468400,3.44
1598468400,1598472000,0
1598472000,1598475600,0
1598475600,1598479200,0
1598479200,1598482800,0
1598482800,1598486400,0
1598486400,1598490000,0
1598490000,1598493600,0
1598493600,1598497200,0
1598497200,1598500800,0
1598500800,1598504400,1.72
1598504400,1598508000,85.14
1598508000,1598511600,262.73
1598511600,1598515200,437.74
1598515200,1598518800,602.43
1598518800,1598522400,721.755
1598522400,1598526000,538.575
1598526000,1598529600,484.825
1598529600,1598533200,475.365
1598533200,1598536800,677.68
1598536800,1598540400,511.27
1598540400,1598544000,359.05
1598544000,1598547600,203.39
1598547600,1598551200,88.365
1598551200,1598554800,3.655
1598554800,1598558400,0
1598558400,1598562000,0
1598562000,1598565600,0
1598565600,1598569200,0
1598569200,1598572800,0
1598572800,1598576400,0
1598576400,1598580000,0
1598580000,1598583600,0
1598583600,1598587200,0
1598587200,1598590800,1.505
1598590800,1598594400,78.045
1598594400,1598598000,251.765
1598598000,1598601600,426.345
1598601600,1598605200,597.7
1598605200,1598608800,751.425
1598608800,1598612400,735.945
1598612400,1598616000,866.665
1598616000,1598619600,787.33
1598619600,1598623200,777.655
1598623200,1598626800,611.245
1598626800,1598630400,480.955
1598630400,1598634000,167.485
1598634000,1598637600,81.915
1598637600,1598641200,2.15
1598641200,1598644800,0
1598644800,1598648400,0
1598648400,1598652000,0
1598652000,1598655600,0
1598655600,1598659200,0
1598659200,1598662800,0
1598662800,1598666400,0
1598666400,1598670000,0
1598670000,1598673600,0
1598673600,1598677200,0.86
1598677200,1598680800,44.935
1598680800,1598684400,230.48
1598684400,1598688000,380.55
1598688000,1598691600,624.145
1598691600,1598695200,675.96
1598695200,1598698800,869.03
1598698800,1598702400,671.445
1598702400,1598706000,322.07
1598706000,1598709600,701.975
1598709600,1598713200,592.755
1598713200,1598716800,191.78
1598716800,1598720400,243.81
1598720400,1598724000,63.855
1598724000,1598727600,1.505
1598727600,1598731200,0
1598731200,1598734800,0
1598734800,1598738400,0
1598738400,1598742000,0
1598742000,1598745600,0
1598745600,1598749200,0
1598749200,1598752800,0
1598752800,1598756400,0
1598756400,1598760000,0
1598760000,1598763600,0
1598763600,1598767200,8.385
1598767200,1598770800,68.37
1598770800,1598774400,250.26
1598774400,1598778000,223.6
1598778000,1598781600,216.935
1598781600,1598785200,409.36
1598785200,1598788800,825.815
1598788800,1598792400,550.615
1598792400,1598796000,318.845
1598796000,1598799600,490.2
1598799600,1598803200,197.8
1598803200,1598806800,104.49
1598806800,1598810400,47.3
1598810400,1598814000,1.29
1598814000,1598817600,0
1598817600,1598821200,0
1598821200,1598824800,0
1598824800,1598828400,0
1598828400,1598832000,0
1598832000,1598835600,0
1598835600,1598839200,0
1598839200,1598842800,0
1598842800,1598846400,0
1598846400,1598850000,0.43
1598850000,1598853600,21.07
1598853600,1598857200,65.36
1598857200,1598860800,86.43
1598860800,1598864400,142.545
1598864400,1598868000,243.165
1598868000,1598871600,148.995
1598871600,1598875200,131.58
1598875200,1598878800,91.59
1598878800,1598882400,68.8
1598882400,1598886000,114.38
1598886000,1598889600,119.755
1598889600,1598893200,46.655
1598893200,1598896800,14.62
1598896800,1598900400,0.215
1598900400,1598904000,0
1598904000,1598907600,0
1598907600,1598911200,0
1598911200,1598914800,0
1598914800,1598918400,0
1598918400,1598922000,0
1598922000,1598925600,0
1598925600,1598929200,0
1598929200,1598932800,0
1598932800,1598936400,0.645
1598936400,1598940000,33.11
1598940000,1598943600,196.94
1598943600,1598947200,440.965
1598947200,1598950800,597.055
1598950800,1598954400,754.65
1598954400,1598958000,856.775
1598958000,1598961600,829.685
1598961600,1598965200,878.92
1598965200,1598968800,773.355
1598968800,1598972400,634.465
1598972400,1598976000,474.505
1598976000,1598979600,283.8
1598979600,1598983200,78.69
1598983200,1598986800,1.29
1598986800,1598990400,0
1598990400,1598994000,0
1598994000,1598997600,0
1598997600,1599001200,0
1599001200,1599004800,0
1599004800,1599008400,0
1599008400,1599012000,0
1599012000,1599015600,0
1599015600,1599019200,0
1599019200,1599022800,0.645
1599022800,1599026400,59.125
1599026400,1599030000,223.815
1599030000,1599033600,385.495
1599033600,1599037200,580.07
1599037200,1599040800,777.225
1599040800,1599044400,824.095
1599044400,1599048000,836.565
1599048000,1599051600,894.615
1599051600,1599055200,399.255
1599055200,1599058800,543.305
1599058800,1599062400,310.46
1599062400,1599066000,117.175
1599066000,1599069600,23.005
1599069600,1599073200,0.215
1599073200,1599076800,0
1599076800,1599080400,0
1599080400,1599084000,0
1599084000,1599087600,0
1599087600,1599091200,0
1599091200,1599094800,0
1599094800,1599098400,0
1599098400,1599102000,0
1599102000,1599105600,0
1599105600,1599109200,0.43
1599109200,1599112800,41.28
1599112800,1599116400,108.145
1599116400,1599120000,407.855
1599120000,1599123600,581.575
1599123600,1599127200,731.86
1599127200,1599130800,864.515
1599130800,1599134400,750.565
1599134400,1599138000,929.66
1599138000,1599141600,780.235
1599141600,1599145200,430.645
1599145200,1599148800,325.08
1599148800,1599152400,245.96
1599152400,1599156000,70.95
1599156000,1599159600,0.86
1599159600,1599163200,0
1599163200,1599166800,0
1599166800,1599170400,0
1599170400,1599174000,0
1599174000,1599177600,0
1599177600,1599181200,0
1599181200,1599184800,0
1599184800,1599188400,0
1599188400,1599192000,0
1599192000,1599195600,0.645
1599195600,1599199200,69.66
1599199200,1599202800,234.565
1599202800,1599206400,408.5
1599206400,1599210000,571.255
1599210000,1599213600,702.405
1599213600,1599217200,843.66
1599217200,1599220800,792.705
1599220800,1599224400,862.365
1599224400,1599228000,731
1599228000,1599231600,590.175
1599231600,1599235200,435.375
1599235200,1599238800,266.385
1599238800,1599242400,73.53
1599242400,1599246000,0.645
1599246000,1599249600,0
1599249600,1599253200,0
1599253200,1599256800,0
1599256800,1599260400,0
1599260400,1599264000,0
1599264000,1599267600,0
1599267600,1599271200,0
1599271200,1599274800,0
1599274800,1599278400,0
1599278400,1599282000,0.43
1599282000,1599285600,66.435
1599285600,1599289200,232.415
1599289200,1599292800,406.78
1599292800,1599296400,571.9
1599296400,1599300000,727.99
1599300000,1599303600,842.585
1599303600,1599307200,799.585
1599307200,1599310800,864.085
1599310800,1599314400,726.7
1599314400,1599318000,587.38
1599318000,1599321600,429.14
1599321600,1599325200,257.785
1599325200,1599328800,66.65
1599328800,1599332400,0.43
1599332400,1599336000,0
1599336000,1599339600,0
1599339600,1599343200,0
1599343200,1599346800,0
1599346800,1599350400,0
1599350400,1599354000,0
1599354000,1599357600,0
1599357600,1599361200,0
1599361200,1599364800,0
1599364800,1599368400,0.43
1599368400,1599372000,61.06
1599372000,1599375600,225.105
1599375600,1599379200,409.79
1599379200,1599382800,572.76
1599382800,1599386400,724.12
1599386400,1599390000,838.93
1599390000,1599393600,783.89
1599393600,1599397200,860
1599397200,1599400800,723.045
1599400800,1599404400,601.355
1599404400,1599408000,290.25
1599408000,1599411600,160.82
1599411600,1599415200,60.63
1599415200,1599418800,0.215
1599418800,1599422400,0
1599422400,1599426000,0
1599426000,1599429600,0
1599429600,1599433200,0
1599433200,1599436800,0
1599436800,1599440400,0
1599440400,1599444000,0
1599444000,1599447600,0
1599447600,1599451200,0
1599451200,1599454800,0.43
1599454800,1599458400,59.125
1599458400,1599462000,216.075
1599462000,1599465600,446.555
1599465600,1599469200,555.13
1599469200,1599472800,708.425
1599472800,1599476400,824.525
1599476400,1599480000,780.88
1599480000,1599483600,832.695
1599483600,1599487200,668.005
1599487200,1599490800,568.675
1599490800,1599494400,386.57
1599494400,1599498000,169.635
1599498000,1599501600,24.51
1599501600,1599505200,0.215
1599505200,1599508800,0
1599508800,1599512400,0
1599512400,1599516000,0
1599516000,1599519600,0
1599519600,1599523200,0
1599523200,1599526800,0
1599526800,1599530400,0
1599530400,1599534000,0
1599534000,1599537600,0
1599537600,1599541200,0.215
1599541200,1599544800,38.055
1599544800,1599548400,175.87
1599548400,1599552000,363.35
1599552000,1599555600,405.06
1599555600,1599559200,725.84
1599559200,1599562800,622.855
1599562800,1599566400,660.265
1599566400,1599570000,701.545
1599570000,1599573600,740.89
1599573600,1599577200,407.855
1599577200,1599580800,320.35
1599580800,1599584400,133.515
1599584400,1599588000,41.28
1599588000,1599591600,0.215
1599591600,1599595200,0
1599595200,1599598800,0
1599598800,1599602400,0
1599602400,1599606000,0
1599606000,1599609600,0
1599609600,1599613200,0
1599613200,1599616800,0
1599616800,1599620400,0
1599620400,1599624000,0
1599624000,1599627600,0.215
1599627600,1599631200,46.87
1599631200,1599634800,209.625
1599634800,1599638400,385.71
1599638400,1599642000,528.255
1599642000,1599645600,684.56
1599645600,1599649200,793.565
1599649200,1599652800,781.525
1599652800,1599656400,826.89
1599656400,1599660000,677.25
1599660000,1599663600,548.035
1599663600,1599667200,382.055
1599667200,1599670800,211.13
1599670800,1599674400,42.14
1599674400,1599678000,0
1599678000,1599681600,0
1599681600,1599685200,0
1599685200,1599688800,0
1599688800,1599692400,0
1599692400,1599696000,0
1599696000,1599699600,0
1599699600,1599703200,0
1599703200,1599706800,0
1599706800,1599710400,0
1599710400,1599714000,0.215
1599714000,1599717600,35.69
1599717600,1599721200,122.98
1599721200,1599724800,337.335
1599724800,1599728400,572.33
1599728400,1599732000,526.105
1599732000,1599735600,421.4
1599735600,1599739200,700.47
1599739200,1599742800,398.395
1599742800,1599746400,571.04
1599746400,1599750000,446.985
1599750000,1599753600,157.595
1599753600,1599757200,162.325
1599757200,1599760800,16.34
1599760800,1599764400,0
1599764400,1599768000,0
1599768000,1599771600,0
1599771600,1599775200,0
1599775200,1599778800,0
1599778800,1599782400,0
1599782400,1599786000,0
1599786000,1599789600,0
1599789600,1599793200,0
1599793200,1599796800,0
1599796800,1599800400,0
1599800400,1599804000,32.895
1599804000,1599807600,142.545
1599807600,1599811200,314.975
1599811200,1599814800,464.4
1599814800,1599818400,618.77
1599818400,1599822000,646.505
1599822000,1599825600,791.415
1599825600,1599829200,633.39
1599829200,1599832800,580.715
1599832800,1599836400,518.15
1599836400,1599840000,316.91
1599840000,1599843600,118.25
1599843600,1599847200,19.565
1599847200,1599850800,0
1599850800,1599854400,0
1599854400,1599858000,0
1599858000,1599861600,0
1599861600,1599865200,0
1599865200,1599868800,0
1599868800,1599872400,0
1599872400,1599876000,0
1599876000,1599879600,0
1599879600,1599883200,0
1599883200,1599886800,0
1599886800,1599890400,35.69
1599890400,1599894000,178.45
1599894000,1599897600,348.73
1599897600,1599901200,502.24
1599901200,1599904800,642.85
1599904800,1599908400,775.72
1599908400,1599912000,758.735
1599912000,1599915600,735.515
1599915600,1599919200,654.46
1599919200,1599922800,534.705
1599922800,1599926400,351.31
1599926400,1599930000,184.04
1599930000,1599933600,29.67
1599933600,1599937200,0
1599937200,1599940800,0
1599940800,1599944400,0
1599944400,1599948000,0
1599948000,1599951600,0
1599951600,1599955200,0
1599955200,1599958800,0
1599958800,1599962400,0
1599962400,1599966000,0
1599966000,1599969600,0
1599969600,1599973200,0
1599973200,1599976800,32.68
1599976800,1599980400,169.85
1599980400,1599984000,347.87
1599984000,1599987600,504.605
1599987600,1599991200,640.055
1599991200,1599994800,758.735
1599994800,1599998400,753.79
1599998400,1600002000,774.215
1600002000,1600005600,582.22
1600005600,1600009200,516.645
1600009200,1600012800,349.59
1600012800,1600016400,169.85
1600016400,1600020000,27.305
1600020000,1600023600,0
1600023600,1600027200,0
1600027200,1600030800,0
1600030800,1600034400,0
1600034400,1600038000,0
1600038000,1600041600,0
1600041600,1600045200,0
1600045200,1600048800,0
1600048800,1600052400,0
1600052400,1600056000,0
1600056000,1600059600,0
1600059600,1600063200,29.455
1600063200,1600066800,161.465
1600066800,1600070400,333.25
1600070400,1600074000,488.05
1600074000,1600077600,621.135
1600077600,1600081200,757.445
1600081200,1600084800,533.415
1600084800,1600088400,508.69
1600088400,1600092000,602
1600092000,1600095600,503.53
1600095600,1600099200,340.345
1600099200,1600102800,162.325
1600102800,1600106400,18.705
1600106400,1600110000,0
1600110000,1600113600,0
1600113600,1600117200,0
1600117200,1600120800,0
1600120800,1600124400,0
1600124400,1600128000,0
1600128000,1600131600,0
1600131600,1600135200,0
1600135200,1600138800,0
1600138800,1600142400,0
1600142400,1600146000,0
1600146000,1600149600,29.025
1600149600,1600153200,158.455
1600153200,1600156800,333.895
1600156800,1600160400,470.42
1600160400,1600164000,612.32
1600164000,1600167600,709.715
1600167600,1600171200,742.18
1600171200,1600174800,750.78
1600174800,1600178400,638.55
1600178400,1600182000,549.97
1600182000,1600185600,318.63
1600185600,1600189200,79.335
1600189200,1600192800,19.995
1600192800,1600196400,0
1600196400,1600200000,0
1600200000,1600203600,0
1600203600,1600207200,0
1600207200,1600210800,0
1600210800,1600214400,0
1600214400,1600218000,0
1600218000,1600221600,0
1600221600,1600225200,0
1600225200,1600228800,0
1600228800,1600232400,0
1600232400,1600236000,24.51
1600236000,1600239600,147.275
1600239600,1600243200,321.64
1600243200,1600246800,464.83
1600246800,1600250400,603.72
1600250400,1600254000,695.095
1600254000,1600257600,723.69
1600257600,1600261200,719.605
1600261200,1600264800,592.97
1600264800,1600268400,466.12
1600268400,1600272000,305.3
1600272000,1600275600,134.805
1600275600,1600279200,17.63
1600279200,1600282800,0
1600282800,1600286400,0
1600286400,1600290000,0
1600290000,1600293600,0
1600293600,1600297200,0
1600297200,1600300800,0
1600300800,1600304400,0
1600304400,1600308000,0
1600308000,1600311600,0
1600311600,1600315200,0
1600315200,1600318800,0
1600318800,1600322400,23.22
1600322400,1600326000,144.265
1600326000,1600329600,319.06
1600329600,1600333200,460.315
1600333200,1600336800,602.43
1600336800,1600340400,696.815
1600340400,1600344000,733.15
1600344000,1600347600,712.51
1600347600,1600351200,520.3
1600351200,1600354800,474.72
1600354800,1600358400,310.46
1600358400,1600362000,135.02
1600362000,1600365600,16.125
1600365600,1600369200,0
1600369200,1600372800,0
1600372800,1600376400,0
1600376400,1600380000,0
1600380000,1600383600,0
1600383600,1600387200,0
1600387200,1600390800,0
1600390800,1600394400,0
1600394400,1600398000,0
1600398000,1600401600,0
1600401600,1600405200,0
1600405200,1600408800,21.715
1600408800,1600412400,141.04
1600412400,1600416000,310.245
1600416000,1600419600,459.025
1600419600,1600423200,573.405
1600423200,1600426800,502.885
1600426800,1600430400,685.205
1600430400,1600434000,719.82
1600434000,1600437600,594.69
1600437600,1600441200,475.58
1600441200,1600444800,302.72
1600444800,1600448400,121.475
1600448400,1600452000,13.76
1600452000,1600455600,0
1600455600,1600459200,0
1600459200,1600462800,0
1600462800,1600466400,0
1600466400,1600470000,0
1600470000,1600473600,0
1600473600,1600477200,0
1600477200,1600480800,0
1600480800,1600484400,0
1600484400,1600488000,0
1600488000,1600491600,0
1600491600,1600495200,24.94
1600495200,1600498800,163.83
1600498800,1600502400,314.33
1600502400,1600506000,484.825
1600506000,1600509600,605.44
1600509600,1600513200,725.84
1600513200,1600516800,629.305
1600516800,1600520400,537.93
1600520400,1600524000,525.675
1600524000,1600527600,365.715
1600527600,1600531200,177.16
1600531200,1600534800,105.995
1600534800,1600538400,12.255
1600538400,1600542000,0
1600542000,1600545600,0
1600545600,1600549200,0
1600549200,1600552800,0
1600552800,1600556400,0
1600556400,1600560000,0
1600560000,1600563600,0
1600563600,1600567200,0
1600567200,1600570800,0
1600570800,1600574400,0
1600574400,1600578000,0
1600578000,1600581600,21.5
1600581600,1600585200,160.39
1600585200,1600588800,329.38
1600588800,1600592400,106.21
1600592400,1600596000,223.6
1600596000,1600599600,671.445
1600599600,1600603200,748.415
1600603200,1600606800,709.715
1600606800,1600610400,465.475
1600610400,1600614000,361.2
1600614000,1600617600,97.18
1600617600,1600621200,36.335
1600621200,1600624800,5.59
1600624800,1600628400,0
1600628400,1600632000,0
1600632000,1600635600,0
1600635600,1600639200,0
1600639200,1600642800,0
1600642800,1600646400,0
1600646400,1600650000,0
1600650000,1600653600,0
1600653600,1600657200,0
1600657200,1600660800,0
1600660800,1600664400,0
1600664400,1600668000,18.705
1600668000,1600671600,169.42
1600671600,1600675200,381.41
1600675200,1600678800,508.26
1600678800,1600682400,620.49
1600682400,1600686000,705.845
1600686000,1600689600,754.435
1600689600,1600693200,520.515
1600693200,1600696800,244.24
1600696800,1600700400,233.49
1600700400,1600704000,299.065
1600704000,1600707600,113.95
1600707600,1600711200,9.245
1600711200,1600714800,0
1600714800,1600718400,0
1600718400,1600722000,0
1600722000,1600725600,0
1600725600,1600729200,0
1600729200,1600732800,0
1600732800,1600736400,0
1600736400,1600740000,0
1600740000,1600743600,0
1600743600,1600747200,0
1600747200,1600750800,0
1600750800,1600754400,12.04
1600754400,1600758000,132.01
1600758000,1600761600,283.37
1600761600,1600765200,313.685
1600765200,1600768800,433.655
1600768800,1600772400,697.03
1600772400,1600776000,489.555
1600776000,1600779600,360.77
1600779600,1600783200,456.015
1600783200,1600786800,238.22
1600786800,1600790400,149.425
1600790400,1600794000,102.77
1600794000,1600797600,5.375
1600797600,1600801200,0
1600801200,1600804800,0
1600804800,1600808400,0
1600808400,1600812000,0
1600812000,1600815600,0
1600815600,1600819200,0
1600819200,1600822800,0
1600822800,1600826400,0
1600826400,1600830000,0
1600830000,1600833600,0
1600833600,1600837200,0
1600837200,1600840800,30.315
1600840800,1600844400,81.7
1600844400,1600848000,218.87
1600848000,1600851600,427.205
1600851600,1600855200,641.99
1600855200,1600858800,617.48
1600858800,1600862400,551.69
1600862400,1600866000,362.705
1600866000,1600869600,344.645
1600869600,1600873200,263.805
1600873200,1600876800,227.9
1600876800,1600880400,75.68
1600880400,1600884000,10.32
1600884000,1600887600,0
1600887600,1600891200,0
1600891200,1600894800,0
1600894800,1600898400,0
1600898400,1600902000,0
1600902000,1600905600,0
1600905600,1600909200,0
1600909200,1600912800,0
1600912800,1600916400,0
1600916400,1600920000,0
1600920000,1600923600,0
1600923600,1600927200,19.135
1600927200,1600930800,165.55
1600930800,1600934400,360.555
1600934400,1600938000,348.945
1600938000,1600941600,402.695
1600941600,1600945200,507.83
1600945200,1600948800,348.945
1600948800,1600952400,451.715
1600952400,1600956000,425.055
1600956000,1600959600,374.53
1600959600,1600963200,123.195
1600963200,1600966800,49.45
1600966800,1600970400,1.505
1600970400,1600974000,0
1600974000,1600977600,0
1600977600,1600981200,0
1600981200,1600984800,0
1600984800,1600988400,0
1600988400,1600992000,0
1600992000,1600995600,0
1600995600,1600999200,0
1600999200,1601002800,0
1601002800,1601006400,0
1601006400,1601010000,0
1601010000,1601013600,10.75
1601013600,1601017200,74.39
1601017200,1601020800,292.4
1601020800,1601024400,501.165
1601024400,1601028000,548.895
1601028000,1601031600,650.16
1601031600,1601035200,818.505
1601035200,1601038800,749.705
1601038800,1601042400,209.195
1601042400,1601046000,533.415
1601046000,1601049600,312.395
1601049600,1601053200,95.245
1601053200,1601056800,3.44
1601056800,1601060400,0
1601060400,1601064000,0
1601064000,1601067600,0
1601067600,1601071200,0
1601071200,1601074800,0
1601074800,1601078400,0
1601078400,1601082000,0
1601082000,1601085600,0
1601085600,1601089200,0
1601089200,1601092800,0
1601092800,1601096400,0
1601096400,1601100000,12.255
1601100000,1601103600,122.335
1601103600,1601107200,337.335
1601107200,1601110800,482.46
1601110800,1601114400,575.985
1601114400,1601118000,669.08
1601118000,1601121600,743.47
1601121600,1601125200,499.875
1601125200,1601128800,388.29
1601128800,1601132400,526.75
1601132400,1601136000,282.295
1601136000,1601139600,129
1601139600,1601143200,5.16
1601143200,1601146800,0
1601146800,1601150400,0
1601150400,1601154000,0
1601154000,1601157600,0
1601157600,1601161200,0
1601161200,1601164800,0
1601164800,1601168400,0
1601168400,1601172000,0
1601172000,1601175600,0
1601175600,1601179200,0
1601179200,1601182800,0
1601182800,1601186400,7.955
1601186400,1601190000,69.015
1601190000,1601193600,141.685
1601193600,1601197200,186.19
1601197200,1601200800,206.185
1601200800,1601204400,171.14
1601204400,1601208000,186.835
1601208000,1601211600,168.345
1601211600,1601215200,109.65
1601215200,1601218800,68.155
1601218800,1601222400,44.29
1601222400,1601226000,13.545
1601226000,1601229600,0.43
1601229600,1601233200,0
1601233200,1601236800,0
1601236800,1601240400,0
1601240400,1601244000,0
1601244000,1601247600,0
1601247600,1601251200,0
1601251200,1601254800,0
1601254800,1601258400,0
1601258400,1601262000,0
1601262000,1601265600,0
1601265600,1601269200,0
1601269200,1601272800,9.675
1601272800,1601276400,158.885
1601276400,1601280000,387.43
1601280000,1601283600,543.09
1601283600,1601287200,641.775
1601287200,1601290800,663.92
1601290800,1601294400,729.495
1601294400,1601298000,372.165
1601298000,1601301600,608.02
1601301600,1601305200,208.12
1601305200,1601308800,48.375
1601308800,1601312400,53.535
1601312400,1601316000,4.515
1601316000,1601319600,0
1601319600,1601323200,0
1601323200,1601326800,0
1601326800,1601330400,0
1601330400,1601334000,0
1601334000,1601337600,0
1601337600,1601341200,0
1601341200,1601344800,0
1601344800,1601348400,0
1601348400,1601352000,0
1601352000,1601355600,0
1601355600,1601359200,15.05
1601359200,1601362800,161.895
1601362800,1601366400,351.525
1601366400,1601370000,502.025
1601370000,1601373600,595.98
1601373600,1601377200,665.425
1601377200,1601380800,739.6
1601380800,1601384400,641.56
1601384400,1601388000,561.15
1601388000,1601391600,446.985
1601391600,1601395200,248.755
1601395200,1601398800,78.905
1601398800,1601402400,3.44
1601402400,1601406000,0
1601406000,1601409600,0
1601409600,1601413200,0
1601413200,1601416800,0
1601416800,1601420400,0
1601420400,1601424000,0
1601424000,1601427600,0
1601427600,1601431200,0
1601431200,1601434800,0
1601434800,1601438400,0
1601438400,1601442000,0
1601442000,1601445600,11.61
1601445600,1601449200,124.485
1601449200,1601452800,307.45
1601452800,1601456400,464.83
1601456400,1601460000,556.85
1601460000,1601463600,635.97
1601463600,1601467200,705.415
1601467200,1601470800,579.64
1601470800,1601474400,459.025
1601474400,1601478000,244.24
1601478000,1601481600,137.385
1601481600,1601485200,75.895
1601485200,1601488800,2.365
1601488800,1601492400,0
1601492400,1601496000,0
1601496000,1601499600,0
1601499600,1601503200,0
1601503200,1601506800,0
1601506800,1601510400,0
1601510400,1601514000,0
1601514000,1601517600,0
1601517600,1601521200,0
1601521200,1601524800,0
1601524800,1601528400,0
1601528400,1601532000,5.59
1601532000,1601535600,106.425
1601535600,1601539200,288.315
1601539200,1601542800,360.985
1601542800,1601546400,434.515
1601546400,1601550000,618.555
1601550000,1601553600,495.575
1601553600,1601557200,391.3
1601557200,1601560800,339.7
1601560800,1601564400,304.44
1601564400,1601568000,193.715
1601568000,1601571600,61.275
1601571600,1601575200,1.935
1601575200,1601578800,0
1601578800,1601582400,0
1601582400,1601586000,0
1601586000,1601589600,0
1601589600,1601593200,0
1601593200,1601596800,0
1601596800,1601600400,0
1601600400,1601604000,0
1601604000,1601607600,0
1601607600,1601611200,0
1601611200,1601614800,0
1601614800,1601618400,13.33
1601618400,1601622000,57.835
1601622000,1601625600,147.275
1601625600,1601629200,148.565
1601629200,1601632800,126.205
1601632800,1601636400,94.6
1601636400,1601640000,70.735
1601640000,1601643600,72.885
1601643600,1601647200,61.705
1601647200,1601650800,64.285
1601650800,1601654400,44.075
1601654400,1601658000,32.035
1601658000,1601661600,0.43
1601661600,1601665200,0
1601665200,1601668800,0
1601668800,1601672400,0
1601672400,1601676000,0
1601676000,1601679600,0
1601679600,1601683200,0
1601683200,1601686800,0
1601686800,1601690400,0
1601690400,1601694000,0
1601694000,1601697600,0
1601697600,1601701200,0
1601701200,1601704800,2.15
1601704800,1601708400,8.385
1601708400,1601712000,6.88
1601712000,1601715600,56.76
1601715600,1601719200,142.545
1601719200,1601722800,173.29
1601722800,1601726400,123.41
1601726400,1601730000,89.44
1601730000,1601733600,160.39
1601733600,1601737200,141.685
1601737200,1601740800,53.32
1601740800,1601744400,64.07
1601744400,1601748000,0.645
1601748000,1601751600,0
1601751600,1601755200,0
1601755200,1601758800,0
1601758800,1601762400,0
1601762400,1601766000,0
1601766000,1601769600,0
1601769600,1601773200,0
1601773200,1601776800,0
1601776800,1601780400,0
1601780400,1601784000,0
1601784000,1601787600,0
1601787600,1601791200,8.17
1601791200,1601794800,127.28
1601794800,1601798400,278.855
1601798400,1601802000,433.44
1601802000,1601805600,397.32
1601805600,1601809200,322.07
1601809200,1601812800,517.29
1601812800,1601816400,303.58
1601816400,1601820000,262.085
1601820000,1601823600,259.075
1601823600,1601827200,93.525
1601827200,1601830800,38.7
1601830800,1601834400,0.645
1601834400,1601838000,0
1601838000,1601841600,0
1601841600,1601845200,0
1601845200,1601848800,0
1601848800,1601852400,0
1601852400,1601856000,0
1601856000,1601859600,0
1601859600,1601863200,0
1601863200,1601866800,0
1601866800,1601870400,0
1601870400,1601874000,0
1601874000,1601877600,4.085
1601877600,1601881200,137.17
1601881200,1601884800,323.79
1601884800,1601888400,508.69
1601888400,1601892000,576.63
1601892000,1601895600,621.78
1601895600,1601899200,686.28
1601899200,1601902800,602.86
1601902800,1601906400,339.27
1601906400,1601910000,148.135
1601910000,1601913600,145.125
1601913600,1601917200,85.785
1601917200,1601920800,0.86
1601920800,1601924400,0
1601924400,1601928000,0
1601928000,1601931600,0
1601931600,1601935200,0
1601935200,1601938800,0
1601938800,1601942400,0
1601942400,1601946000,0
1601946000,1601949600,0
1601949600,1601953200,0
1601953200,1601956800,0
1601956800,1601960400,0
1601960400,1601964000,8.17
1601964000,1601967600,125.13
1601967600,1601971200,275.63
1601971200,1601974800,434.3
1601974800,1601978400,514.495
1601978400,1601982000,593.185
1601982000,1601985600,670.585
1601985600,1601989200,468.27
1601989200,1601992800,296.055
1601992800,1601996400,266.815
1601996400,1602000000,118.25
1602000000,1602003600,23.435
1602003600,1602007200,0.215
1602007200,1602010800,0
1602010800,1602014400,0
1602014400,1602018000,0
1602018000,1602021600,0
1602021600,1602025200,0