"start","end","wind"
1588802400,1588806000,0
1588806000,1588809600,1.44
1588809600,1588813200,3.42
1588813200,1588816800,3.06
1588816800,1588820400,2.52
1588820400,1588824000,0
1588824000,1588827600,2.7
1588827600,1588831200,0.54
1588831200,1588834800,1.98
1588834800,1588838400,3.6
1588838400,1588842000,7.02
1588842000,1588845600,9.9
1588845600,1588849200,9
1588849200,1588852800,8.64
1588852800,1588856400,10.62
1588856400,1588860000,4.5
1588860000,1588863600,7.74
1588863600,1588867200,7.02
1588867200,1588870800,10.8
1588870800,1588874400,10.62
1588874400,1588878000,3.06
1588878000,1588881600,0
1588881600,1588885200,0
1588885200,1588888800,0
1588888800,1588892400,0
1588892400,1588896000,0.9
1588896000,1588899600,0
1588899600,1588903200,0
1588903200,1588906800,0
1588906800,1588910400,0
1588910400,1588914000,1.44
1588914000,1588917600,2.52
1588917600,1588921200,4.32
1588921200,1588924800,6.66
1588924800,1588928400,3.96
1588928400,1588932000,4.14
1588932000,1588935600,4.32
1588935600,1588939200,8.64
1588939200,1588942800,10.26
1588942800,1588946400,11.7
1588946400,1588950000,10.26
1588950000,1588953600,9.36
1588953600,1588957200,6.48
1588957200,1588960800,3.42
1588960800,1588964400,0
1588964400,1588968000,2.16
1588968000,1588971600,1.62
1588971600,1588975200,0.9
1588975200,1588978800,0
1588978800,1588982400,0
1588982400,1588986000,0
1588986000,1588989600,1.44
1588989600,1588993200,0.36
1588993200,1588996800,2.16
1588996800,1589000400,0
1589000400,1589004000,0.9
1589004000,1589007600,1.98
1589007600,1589011200,2.7
1589011200,1589014800,6.48
1589014800,1589018400,8.46
1589018400,1589022000,13.5
1589022000,1589025600,7.56
1589025600,1589029200,3.78
1589029200,1589032800,8.1
1589032800,1589036400,15.66
1589036400,1589040000,12.6
1589040000,1589043600,10.62
1589043600,1589047200,8.64
1589047200,1589050800,2.7
1589050800,1589054400,0
1589054400,1589058000,0
1589058000,1589061600,0.36
1589061600,1589065200,1.08
1589065200,1589068800,1.98
1589068800,1589072400,1.98
1589072400,1589076000,1.08
1589076000,1589079600,0
1589079600,1589083200,0
1589083200,1589086800,3.42
1589086800,1589090400,3.6
1589090400,1589094000,2.16
1589094000,1589097600,6.66
1589097600,1589101200,8.1
1589101200,1589104800,4.86
1589104800,1589108400,10.08
1589108400,1589112000,9.54
1589112000,1589115600,10.26
1589115600,1589119200,14.58
1589119200,1589122800,13.86
1589122800,1589126400,12.78
1589126400,1589130000,12.6
1589130000,1589133600,7.56
1589133600,1589137200,0
1589137200,1589140800,3.24
1589140800,1589144400,1.26
1589144400,1589148000,0
1589148000,1589151600,1.08
1589151600,1589155200,0.72
1589155200,1589158800,0.36
1589158800,1589162400,1.26
1589162400,1589166000,0
1589166000,1589169600,6.12
1589169600,1589173200,3.06
1589173200,1589176800,5.4
1589176800,1589180400,3.42
1589180400,1589184000,7.02
1589184000,1589187600,3.78
1589187600,1589191200,1.26
1589191200,1589194800,4.86
1589194800,1589198400,9.36
1589198400,1589202000,10.98
1589202000,1589205600,10.98
1589205600,1589209200,7.92
1589209200,1589212800,14.58
1589212800,1589216400,10.08
1589216400,1589220000,2.88
1589220000,1589223600,0.9
1589223600,1589227200,3.06
1589227200,1589230800,5.22
1589230800,1589234400,1.98
1589234400,1589238000,1.08
1589238000,1589241600,1.44
1589241600,1589245200,3.78
1589245200,1589248800,4.32
1589248800,1589252400,5.58
1589252400,1589256000,3.6
1589256000,1589259600,4.5
1589259600,1589263200,8.28
1589263200,1589266800,8.82
1589266800,1589270400,9.18
1589270400,1589274000,13.68
1589274000,1589277600,7.74
1589277600,1589281200,13.14
1589281200,1589284800,15.84
1589284800,1589288400,19.98
1589288400,1589292000,16.92
1589292000,1589295600,13.32
1589295600,1589299200,15.84
1589299200,1589302800,16.56
1589302800,1589306400,9.9
1589306400,1589310000,6.66
1589310000,1589313600,1.44
1589313600,1589317200,1.8
1589317200,1589320800,2.88
1589320800,1589324400,0.54
1589324400,1589328000,2.7
1589328000,1589331600,4.32
1589331600,1589335200,3.06
1589335200,1589338800,2.88
1589338800,1589342400,5.04
1589342400,1589346000,5.04
1589346000,1589349600,0.9
1589349600,1589353200,5.94
1589353200,1589356800,6.12
1589356800,1589360400,2.7
1589360400,1589364000,5.94
1589364000,1589367600,7.74
1589367600,1589371200,1.98
1589371200,1589374800,6.66
1589374800,1589378400,4.5
1589378400,1589382000,5.58
1589382000,1589385600,8.28
1589385600,1589389200,8.28
1589389200,1589392800,6.3
1589392800,1589396400,0.18
1589396400,1589400000,0
1589400000,1589403600,1.44
1589403600,1589407200,0.18
1589407200,1589410800,1.08
1589410800,1589414400,0.54
1589414400,1589418000,0
1589418000,1589421600,0.9
1589421600,1589425200,1.44
1589425200,1589428800,1.08
1589428800,1589432400,2.7
1589432400,1589436000,2.34
1589436000,1589439600,8.1
1589439600,1589443200,7.02
1589443200,1589446800,3.24
1589446800,1589450400,1.26
1589450400,1589454000,5.04
1589454000,1589457600,6.48
1589457600,1589461200,7.38
1589461200,1589464800,10.8
1589464800,1589468400,10.08
1589468400,1589472000,7.74
1589472000,1589475600,7.56
1589475600,1589479200,5.4
1589479200,1589482800,1.98
1589482800,1589486400,1.62
1589486400,1589490000,1.62
1589490000,1589493600,0
1589493600,1589497200,1.8
1589497200,1589500800,0
1589500800,1589504400,0
1589504400,1589508000,0.18
1589508000,1589511600,0
1589511600,1589515200,1.8
1589515200,1589518800,5.04
1589518800,1589522400,7.74
1589522400,1589526000,8.46
1589526000,1589529600,7.92
1589529600,1589533200,15.48
1589533200,1589536800,19.26
1589536800,1589540400,15.12
1589540400,1589544000,14.4
1589544000,1589547600,13.14
1589547600,1589551200,11.7
1589551200,1589554800,13.14
1589554800,1589558400,13.68
1589558400,1589562000,11.16
1589562000,1589565600,10.62
1589565600,1589569200,8.64
1589569200,1589572800,7.02
1589572800,1589576400,3.96
1589576400,1589580000,3.6
1589580000,1589583600,1.08
1589583600,1589587200,1.26
1589587200,1589590800,1.08
1589590800,1589594400,0.9
1589594400,1589598000,0
1589598000,1589601600,0
1589601600,1589605200,2.34
1589605200,1589608800,1.8
1589608800,1589612400,2.34
1589612400,1589616000,0.72
1589616000,1589619600,5.4
1589619600,1589623200,6.48
1589623200,1589626800,9.72
1589626800,1589630400,9.18
1589630400,1589634000,9.36
1589634000,1589637600,8.28
1589637600,1589641200,10.98
1589641200,1589644800,5.4
1589644800,1589648400,3.06
1589648400,1589652000,1.8
1589652000,1589655600,1.8
1589655600,1589659200,0.9
1589659200,1589662800,1.98
1589662800,1589666400,2.52
1589666400,1589670000,1.08
1589670000,1589673600,1.08
1589673600,1589677200,1.98
1589677200,1589680800,1.62
1589680800,1589684400,3.24
1589684400,1589688000,4.86
1589688000,1589691600,5.58
1589691600,1589695200,6.66
1589695200,1589698800,7.2
1589698800,1589702400,5.58
1589702400,1589706000,0.9
1589706000,1589709600,2.52
1589709600,1589713200,3.06
1589713200,1589716800,2.88
1589716800,1589720400,6.66
1589720400,1589724000,4.86
1589724000,1589727600,3.06
1589727600,1589731200,7.92
1589731200,1589734800,8.1
1589734800,1589738400,6.3
1589738400,1589742000,2.7
1589742000,1589745600,1.44
1589745600,1589749200,0
1589749200,1589752800,0.9
1589752800,1589756400,1.26
1589756400,1589760000,1.08
1589760000,1589763600,0.36
1589763600,1589767200,0.54
1589767200,1589770800,1.44
1589770800,1589774400,1.62
1589774400,1589778000,2.52
1589778000,1589781600,4.5
1589781600,1589785200,5.22
1589785200,1589788800,3.42
1589788800,1589792400,5.22
1589792400,1589796000,5.94
1589796000,1589799600,6.66
1589799600,1589803200,6.3
1589803200,1589806800,2.7
1589806800,1589810400,4.32
1589810400,1589814000,2.16
1589814000,1589817600,1.62
1589817600,1589821200,1.44
1589821200,1589824800,0
1589824800,1589828400,1.44
1589828400,1589832000,2.7
1589832000,1589835600,6.66
1589835600,1589839200,4.32
1589839200,1589842800,2.88
1589842800,1589846400,1.62
1589846400,1589850000,4.5
1589850000,1589853600,7.56
1589853600,1589857200,1.8
1589857200,1589860800,1.44
1589860800,1589864400,4.86
1589864400,1589868000,3.78
1589868000,1589871600,6.12
1589871600,1589875200,10.62
1589875200,1589878800,10.26
1589878800,1589882400,8.1
1589882400,1589886000,6.84
1589886000,1589889600,10.08
1589889600,1589893200,11.34
1589893200,1589896800,12.42
1589896800,1589900400,13.14
1589900400,1589904000,14.04
1589904000,1589907600,7.02
1589907600,1589911200,12.06
1589911200,1589914800,6.12
1589914800,1589918400,9
1589918400,1589922000,9.18
1589922000,1589925600,8.46
1589925600,1589929200,4.5
1589929200,1589932800,5.76
1589932800,1589936400,11.16
1589936400,1589940000,11.88
1589940000,1589943600,11.7
1589943600,1589947200,9.18
1589947200,1589950800,8.1
1589950800,1589954400,10.26
1589954400,1589958000,9.54
1589958000,1589961600,6.66
1589961600,1589965200,6.12
1589965200,1589968800,5.76
1589968800,1589972400,4.14
1589972400,1589976000,9.18
1589976000,1589979600,3.96
1589979600,1589983200,3.6
1589983200,1589986800,1.98
1589986800,1589990400,3.96
1589990400,1589994000,0.72
1589994000,1589997600,2.7
1589997600,1590001200,1.26
1590001200,1590004800,2.7
1590004800,1590008400,1.8
1590008400,1590012000,3.24
1590012000,1590015600,1.44
1590015600,1590019200,0
1590019200,1590022800,1.44
1590022800,1590026400,0
1590026400,1590030000,3.06
1590030000,1590033600,2.34
1590033600,1590037200,0.54
1590037200,1590040800,1.8
1590040800,1590044400,6.48
1590044400,1590048000,5.58
1590048000,1590051600,4.86
1590051600,1590055200,1.62
1590055200,1590058800,4.32
1590058800,1590062400,6.12
1590062400,1590066000,1.62
1590066000,1590069600,7.2
1590069600,1590073200,5.22
1590073200,1590076800,5.58
1590076800,1590080400,7.02
1590080400,1590084000,2.34
1590084000,1590087600,1.98
1590087600,1590091200,0.54
1590091200,1590094800,1.26
1590094800,1590098400,3.6
1590098400,1590102000,3.78
1590102000,1590105600,3.42
1590105600,1590109200,2.52
1590109200,1590112800,3.6
1590112800,1590116400,0
1590116400,1590120000,0
1590120000,1590123600,0
1590123600,1590127200,3.24
1590127200,1590130800,6.84
1590130800,1590134400,9
1590134400,1590138000,8.1
1590138000,1590141600,8.1
1590141600,1590145200,7.92
1590145200,1590148800,9.36
1590148800,1590152400,10.08
1590152400,1590156000,12.24
1590156000,1590159600,10.8
1590159600,1590163200,8.46
1590163200,1590166800,7.38
1590166800,1590170400,3.96
1590170400,1590174000,2.16
1590174000,1590177600,1.44
1590177600,1590181200,1.26
1590181200,1590184800,1.08
1590184800,1590188400,0
1590188400,1590192000,0.54
1590192000,1590195600,0.18
1590195600,1590199200,3.06
1590199200,1590202800,5.94
1590202800,1590206400,2.52
1590206400,1590210000,4.5
1590210000,1590213600,0
1590213600,1590217200,0
1590217200,1590220800,3.6
1590220800,1590224400,1.62
1590224400,1590228000,9.9
1590228000,1590231600,8.46
1590231600,1590235200,8.1
1590235200,1590238800,13.14
1590238800,1590242400,14.76
1590242400,1590246000,14.76
1590246000,1590249600,19.08
1590249600,1590253200,18.18
1590253200,1590256800,14.4
1590256800,1590260400,9.54
1590260400,1590264000,14.22
1590264000,1590267600,6.66
1590267600,1590271200,7.92
1590271200,1590274800,5.58
1590274800,1590278400,8.1
1590278400,1590282000,4.86
1590282000,1590285600,6.12
1590285600,1590289200,3.6
1590289200,1590292800,0.36
1590292800,1590296400,3.06
1590296400,1590300000,4.86
1590300000,1590303600,4.5
1590303600,1590307200,6.12
1590307200,1590310800,9.72
1590310800,1590314400,11.88
1590314400,1590318000,14.04
1590318000,1590321600,12.96
1590321600,1590325200,10.62
1590325200,1590328800,11.88
1590328800,1590332400,12.6
1590332400,1590336000,10.08
1590336000,1590339600,8.82
1590339600,1590343200,6.66
1590343200,1590346800,4.32
1590346800,1590350400,0
1590350400,1590354000,0
1590354000,1590357600,1.26
1590357600,1590361200,1.44
1590361200,1590364800,0
1590364800,1590368400,0.36
1590368400,1590372000,0
1590372000,1590375600,0
1590375600,1590379200,0
1590379200,1590382800,0
1590382800,1590386400,3.96
1590386400,1590390000,1.26
1590390000,1590393600,1.98
1590393600,1590397200,6.66
1590397200,1590400800,4.5
1590400800,1590404400,4.86
1590404400,1590408000,5.22
1590408000,1590411600,3.24
1590411600,1590415200,4.5
1590415200,1590418800,6.84
1590418800,1590422400,6.48
1590422400,1590426000,9.72
1590426000,1590429600,3.78
1590429600,1590433200,2.34
1590433200,1590436800,0.9
1590436800,1590440400,1.08
1590440400,1590444000,1.62
1590444000,1590447600,0
1590447600,1590451200,1.08
1590451200,1590454800,4.86
1590454800,1590458400,12.42
1590458400,1590462000,11.16
1590462000,1590465600,5.04
1590465600,1590469200,3.6
1590469200,1590472800,5.76
1590472800,1590476400,10.98
1590476400,1590480000,12.42
1590480000,1590483600,16.38
1590483600,1590487200,13.32
1590487200,1590490800,15.84
1590490800,1590494400,15.84
1590494400,1590498000,12.78
1590498000,1590501600,12.06
1590501600,1590505200,15.84
1590505200,1590508800,11.7
1590508800,1590512400,7.02
1590512400,1590516000,7.02
1590516000,1590519600,8.64
1590519600,1590523200,3.24
1590523200,1590526800,0
1590526800,1590530400,0
1590530400,1590534000,1.08
1590534000,1590537600,0.9
1590537600,1590541200,0.72
1590541200,1590544800,1.98
1590544800,1590548400,1.26
1590548400,1590552000,1.98
1590552000,1590555600,1.08
1590555600,1590559200,1.98
1590559200,1590562800,0.18
1590562800,1590566400,7.38
1590566400,1590570000,11.52
1590570000,1590573600,8.64
1590573600,1590577200,12.24
1590577200,1590580800,6.12
1590580800,1590584400,10.8
1590584400,1590588000,9
1590588000,1590591600,12.96
1590591600,1590595200,6.48
1590595200,1590598800,6.84
1590598800,1590602400,1.8
1590602400,1590606000,0
1590606000,1590609600,2.7
1590609600,1590613200,4.14
1590613200,1590616800,4.32
1590616800,1590620400,3.6
1590620400,1590624000,1.98
1590624000,1590627600,4.14
1590627600,1590631200,3.78
1590631200,1590634800,1.08
1590634800,1590638400,0.18
1590638400,1590642000,0
1590642000,1590645600,0.9
1590645600,1590649200,0.54
1590649200,1590652800,2.88
1590652800,1590656400,8.28
1590656400,1590660000,6.84
1590660000,1590663600,7.74
1590663600,1590667200,7.74
1590667200,1590670800,10.08
1590670800,1590674400,10.62
1590674400,1590678000,9.54
1590678000,1590681600,10.98
1590681600,1590685200,9.18
1590685200,1590688800,9.18
1590688800,1590692400,4.68
1590692400,1590696000,1.62
1590696000,1590699600,1.8
1590699600,1590703200,0
1590703200,1590706800,2.7
1590706800,1590710400,10.44
1590710400,1590714000,7.38
1590714000,1590717600,5.76
1590717600,1590721200,1.08
1590721200,1590724800,2.52
1590724800,1590728400,1.44
1590728400,1590732000,3.96
1590732000,1590735600,2.7
1590735600,1590739200,4.32
1590739200,1590742800,4.14
1590742800,1590746400,3.24
1590746400,1590750000,7.38
1590750000,1590753600,6.3
1590753600,1590757200,4.5
1590757200,1590760800,4.68
1590760800,1590764400,6.48
1590764400,1590768000,4.68
1590768000,1590771600,1.62
1590771600,1590775200,1.98
1590775200,1590778800,1.92
1590778800,1590782400,2.34
1590782400,1590786000,1.8
1590786000,1590789600,1.89
1590789600,1590793200,1.44
1590793200,1590796800,1.8
1590796800,1590800400,2.34
1590800400,1590804000,2.7
1590804000,1590807600,3.42
1590807600,1590811200,2.61
1590811200,1590814800,2.52
1590814800,1590818400,3.33
1590818400,1590822000,5.58
1590822000,1590825600,5.4
1590825600,1590829200,4.32
1590829200,1590832800,3.69
1590832800,1590836400,7.02
1590836400,1590840000,5.04
1590840000,1590843600,6.03
1590843600,1590847200,4.95
1590847200,1590850800,7.2
1590850800,1590854400,4.23
1590854400,1590858000,6.21
1590858000,1590861600,6.12
1590861600,1590865200,5.31
1590865200,1590868800,2.88
1590868800,1590872400,3.51
1590872400,1590876000,4.86
1590876000,1590879600,1.8
1590879600,1590883200,2.88
1590883200,1590886800,1.98
1590886800,1590890400,1.98
1590890400,1590894000,0.72
1590894000,1590897600,1.44
1590897600,1590901200,2.52
1590901200,1590904800,2.16
1590904800,1590908400,1.98
1590908400,1590912000,0.45
1590912000,1590915600,3.06
1590915600,1590919200,2.52
1590919200,1590922800,4.14
1590922800,1590926400,3.78
1590926400,1590930000,1.98
1590930000,1590933600,3.96
1590933600,1590937200,6.93
1590937200,1590940800,8.82
1590940800,1590944400,5.04
1590944400,1590948000,5.94
1590948000,1590951600,6.48
1590951600,1590955200,5.49
1590955200,1590958800,4.59
1590958800,1590962400,3.51
1590962400,1590966000,2.04
1590966000,1590969600,0.36
1590969600,1590973200,1.62
1590973200,1590976800,1.8
1590976800,1590980400,0
1590980400,1590984000,0.18
1590984000,1590987600,1.44
1590987600,1590991200,1.08
1590991200,1590994800,0.63
1590994800,1590998400,1.35
1590998400,1591002000,1.26
1591002000,1591005600,0.9
1591005600,1591009200,3.06
1591009200,1591012800,4.23
1591012800,1591016400,3.51
1591016400,1591020000,3.87
1591020000,1591023600,5.4
1591023600,1591027200,7.02
1591027200,1591030800,6.84
1591030800,1591034400,4.77
1591034400,1591038000,3.24
1591038000,1591041600,4.14
1591041600,1591045200,5.49
1591045200,1591048800,4.23
1591048800,1591052400,1.44
1591052400,1591056000,3.24
1591056000,1591059600,4.14
1591059600,1591063200,0
1591063200,1591066800,1.17
1591066800,1591070400,3.24
1591070400,1591074000,2.07
1591074000,1591077600,0.09
1591077600,1591081200,0.81
1591081200,1591084800,1.98
1591084800,1591088400,2.7
1591088400,1591092000,3.69
1591092000,1591095600,4.14
1591095600,1591099200,4.5
1591099200,1591102800,5.31
1591102800,1591106400,6.12
1591106400,1591110000,5.94
1591110000,1591113600,9.45
1591113600,1591117200,6.39
1591117200,1591120800,5.04
1591120800,1591124400,3.51
1591124400,1591128000,5.85
1591128000,1591131600,5.49
1591131600,1591135200,2.88
1591135200,1591138800,1.92
1591138800,1591142400,0
1591142400,1591146000,3.6
1591146000,1591149600,3.42
1591149600,1591153200,3.51
1591153200,1591156800,1.8
1591156800,1591160400,2.52
1591160400,1591164000,2.97
1591164000,1591167600,3.15
1591167600,1591171200,4.68
1591171200,1591174800,2.43
1591174800,1591178400,2.79
1591178400,1591182000,5.13
1591182000,1591185600,9.18
1591185600,1591189200,7.65
1591189200,1591192800,8.55
1591192800,1591196400,10.98
1591196400,1591200000,12.6
1591200000,1591203600,12.06
1591203600,1591207200,14.4
1591207200,1591210800,12.51
1591210800,1591214400,11.79
1591214400,1591218000,7.92
1591218000,1591221600,10.35
1591221600,1591225200,8.28
1591225200,1591228800,9.45
1591228800,1591232400,3.6
1591232400,1591236000,5.58
1591236000,1591239600,5.94
1591239600,1591243200,3.96
1591243200,1591246800,2.34
1591246800,1591250400,2.61
1591250400,1591254000,3.42
1591254000,1591257600,0
1591257600,1591261200,2.52
1591261200,1591264800,2.25
1591264800,1591268400,2.7
1591268400,1591272000,0.36
1591272000,1591275600,3.87
1591275600,1591279200,2.34
1591279200,1591282800,3.69
1591282800,1591286400,0.9
1591286400,1591290000,5.58
1591290000,1591293600,2.61
1591293600,1591297200,4.68
1591297200,1591300800,3.96
1591300800,1591304400,7.74
1591304400,1591308000,5.85
1591308000,1591311600,5.4
1591311600,1591315200,4.68
1591315200,1591318800,1.08
1591318800,1591322400,1.62
1591322400,1591326000,5.49
1591326000,1591329600,4.41
1591329600,1591333200,2.52
1591333200,1591336800,2.43
1591336800,1591340400,4.59
1591340400,1591344000,3.06
1591344000,1591347600,3.24
1591347600,1591351200,6.3
1591351200,1591354800,6.21
1591354800,1591358400,4.5
1591358400,1591362000,7.56
1591362000,1591365600,7.38
1591365600,1591369200,8.1
1591369200,1591372800,5.94
1591372800,1591376400,9.99
1591376400,1591380000,5.76
1591380000,1591383600,4.32
1591383600,1591387200,2.52
1591387200,1591390800,4.68
1591390800,1591394400,3.33
1591394400,1591398000,0.96
1591398000,1591401600,1.08
1591401600,1591405200,1.62
1591405200,1591408800,0.9
1591408800,1591412400,0.36
1591412400,1591416000,0.54
1591416000,1591419600,0.81
1591419600,1591423200,1.89
1591423200,1591426800,1.53
1591426800,1591430400,0.54
1591430400,1591434000,2.61
1591434000,1591437600,4.77
1591437600,1591441200,2.61
1591441200,1591444800,1.71
1591444800,1591448400,7.47
1591448400,1591452000,7.47
1591452000,1591455600,5.4
1591455600,1591459200,5.94
1591459200,1591462800,9
1591462800,1591466400,6.48
1591466400,1591470000,7.38
1591470000,1591473600,7.11
1591473600,1591477200,6.21
1591477200,1591480800,5.94
1591480800,1591484400,3
1591484400,1591488000,0.9
1591488000,1591491600,1.98
1591491600,1591495200,0
1591495200,1591498800,0.27
1591498800,1591502400,0.45
1591502400,1591506000,0.99
1591506000,1591509600,0
1591509600,1591513200,1.44
1591513200,1591516800,4.86
1591516800,1591520400,2.34
1591520400,1591524000,2.25
1591524000,1591527600,6.48
1591527600,1591531200,11.7
1591531200,1591534800,9.63
1591534800,1591538400,6.66
1591538400,1591542000,8.82
1591542000,1591545600,11.79
1591545600,1591549200,11.7
1591549200,1591552800,5.76
1591552800,1591556400,7.65
1591556400,1591560000,4.95
1591560000,1591563600,7.74
1591563600,1591567200,4.86
1591567200,1591570800,3.96
1591570800,1591574400,1.98
1591574400,1591578000,1.26
1591578000,1591581600,0.36
1591581600,1591585200,1.8
1591585200,1591588800,0.99
1591588800,1591592400,0.63
1591592400,1591596000,0.81
1591596000,1591599600,1.89
1591599600,1591603200,1.62
1591603200,1591606800,2.34
1591606800,1591610400,3.24
1591610400,1591614000,5.22
1591614000,1591617600,4.77
1591617600,1591621200,4.68
1591621200,1591624800,2.79
1591624800,1591628400,5.04
1591628400,1591632000,5.13
1591632000,1591635600,4.59
1591635600,1591639200,0.99
1591639200,1591642800,3.78
1591642800,1591646400,4.68
1591646400,1591650000,2.25
1591650000,1591653600,0.81
1591653600,1591657200,2.04
1591657200,1591660800,1.8
1591660800,1591664400,3.24
1591664400,1591668000,0
1591668000,1591671600,3.33
1591671600,1591675200,1.53
1591675200,1591678800,3.15
1591678800,1591682400,0.18
1591682400,1591686000,3.69
1591686000,1591689600,3.87
1591689600,1591693200,4.5
1591693200,1591696800,3.42
1591696800,1591700400,3.51
1591700400,1591704000,6.21
1591704000,1591707600,6.12
1591707600,1591711200,5.76
1591711200,1591714800,4.05
1591714800,1591718400,6.48
1591718400,1591722000,9.09
1591722000,1591725600,5.13
1591725600,1591729200,2.07
1591729200,1591732800,3.51
1591732800,1591736400,8.1
1591736400,1591740000,2.61
1591740000,1591743600,1.32
1591743600,1591747200,0
1591747200,1591750800,0.36
1591750800,1591754400,1.8
1591754400,1591758000,0.99
1591758000,1591761600,2.25
1591761600,1591765200,0.72
1591765200,1591768800,2.79
1591768800,1591772400,0.81
1591772400,1591776000,3.24
1591776000,1591779600,2.61
1591779600,1591783200,4.05
1591783200,1591786800,1.98
1591786800,1591790400,6.48
1591790400,1591794000,6.03
1591794000,1591797600,4.23
1591797600,1591801200,5.4
1591801200,1591804800,9.09
1591804800,1591808400,7.47
1591808400,1591812000,7.38
1591812000,1591815600,8.19
1591815600,1591819200,5.76
1591819200,1591822800,5.13
1591822800,1591826400,6.3
1591826400,1591830000,5.04
1591830000,1591833600,0.36
1591833600,1591837200,0
1591837200,1591840800,1.26
1591840800,1591844400,1.53
1591844400,1591848000,0.45
1591848000,1591851600,0.27
1591851600,1591855200,0.99
1591855200,1591858800,1.62
1591858800,1591862400,3.24
1591862400,1591866000,4.14
1591866000,1591869600,3.78
1591869600,1591873200,3.96
1591873200,1591876800,5.58
1591876800,1591880400,6.93
1591880400,1591884000,5.04
1591884000,1591887600,4.86
1591887600,1591891200,3.78
1591891200,1591894800,3.87
1591894800,1591898400,3.51
1591898400,1591902000,2.61
1591902000,1591905600,1.89
1591905600,1591909200,1.53
1591909200,1591912800,1.89
1591912800,1591916400,1.2
1591916400,1591920000,0
1591920000,1591923600,0.9
1591923600,1591927200,1.26
1591927200,1591930800,0.9
1591930800,1591934400,0
1591934400,1591938000,0.54
1591938000,1591941600,2.07
1591941600,1591945200,0.81
1591945200,1591948800,1.08
1591948800,1591952400,1.89
1591952400,1591956000,5.22
1591956000,1591959600,4.86
1591959600,1591963200,4.32
1591963200,1591966800,6.75
1591966800,1591970400,5.22
1591970400,1591974000,7.38
1591974000,1591977600,7.38
1591977600,1591981200,9.81
1591981200,1591984800,4.23
1591984800,1591988400,4.05
1591988400,1591992000,4.5
1591992000,1591995600,5.4
1591995600,1591999200,4.23
1591999200,1592002800,2.64
1592002800,1592006400,1.8
1592006400,1592010000,1.98
1592010000,1592013600,0.36
1592013600,1592017200,3.6
1592017200,1592020800,3.51
1592020800,1592024400,3.69
1592024400,1592028000,2.97
1592028000,1592031600,3.96
1592031600,1592035200,6.84
1592035200,1592038800,5.85
1592038800,1592042400,4.59
1592042400,1592046000,3.69
1592046000,1592049600,5.85
1592049600,1592053200,6.57
1592053200,1592056800,4.05
1592056800,1592060400,4.86
1592060400,1592064000,4.32
1592064000,1592067600,6.75
1592067600,1592071200,2.61
1592071200,1592074800,4.41
1592074800,1592078400,9
1592078400,1592082000,7.11
1592082000,1592085600,1.89
1592085600,1592089200,1.56
1592089200,1592092800,0.72
1592092800,1592096400,1.08
1592096400,1592100000,3.06
1592100000,1592103600,2.16
1592103600,1592107200,0.81
1592107200,1592110800,1.44
1592110800,1592114400,3.51
1592114400,1592118000,3.24
1592118000,1592121600,2.52
1592121600,1592125200,2.34
1592125200,1592128800,3.42
1592128800,1592132400,2.97
1592132400,1592136000,4.14
1592136000,1592139600,4.95
1592139600,1592143200,4.23
1592143200,1592146800,3.78
1592146800,1592150400,5.85
1592150400,1592154000,5.58
1592154000,1592157600,3.96
1592157600,1592161200,3.42
1592161200,1592164800,4.05
1592164800,1592168400,2.61
1592168400,1592172000,1.17
1592172000,1592175600,1.08
1592175600,1592179200,1.62
1592179200,1592182800,4.5
1592182800,1592186400,3.42
1592186400,1592190000,1.08
1592190000,1592193600,1.71
1592193600,1592197200,2.25
1592197200,1592200800,1.98
1592200800,1592204400,1.17
1592204400,1592208000,1.71
1592208000,1592211600,3.15
1592211600,1592215200,2.16
1592215200,1592218800,4.5
1592218800,1592222400,5.04
1592222400,1592226000,7.56
1592226000,1592229600,5.94
1592229600,1592233200,8.46
1592233200,1592236800,6.21
1592236800,1592240400,4.41
1592240400,1592244000,4.5
1592244000,1592247600,4.68
1592247600,1592251200,3.24
1592251200,1592254800,1.08
1592254800,1592258400,2.52
1592258400,1592262000,0.96
1592262000,1592265600,3.06
1592265600,1592269200,1.08
1592269200,1592272800,0
1592272800,1592276400,0.36
1592276400,1592280000,4.14
1592280000,1592283600,3.33
1592283600,1592287200,3.24
1592287200,1592290800,2.16
1592290800,1592294400,5.76
1592294400,1592298000,6.12
1592298000,1592301600,5.76
1592301600,1592305200,3.87
1592305200,1592308800,7.2
1592308800,1592312400,5.94
1592312400,1592316000,6.3
1592316000,1592319600,3.87
1592319600,1592323200,7.74
1592323200,1592326800,5.22
1592326800,1592330400,5.31
1592330400,1592334000,3.69
1592334000,1592337600,4.23
1592337600,1592341200,3.15
1592341200,1592344800,1.89
1592344800,1592348400,1.8
1592348400,1592352000,0
1592352000,1592355600,1.8
1592355600,1592359200,2.34
1592359200,1592362800,0.27
1592362800,1592366400,0.72
1592366400,1592370000,1.08
1592370000,1592373600,2.34
1592373600,1592377200,2.52
1592377200,1592380800,3.42
1592380800,1592384400,3.51
1592384400,1592388000,5.58
1592388000,1592391600,7.47
1592391600,1592395200,4.05
1592395200,1592398800,7.38
1592398800,1592402400,9.81
1592402400,1592406000,12.78
1592406000,1592409600,4.5
1592409600,1592413200,6.48
1592413200,1592416800,11.52
1592416800,1592420400,11.34
1592420400,1592424000,6.84
1592424000,1592427600,4.41
1592427600,1592431200,8.55
1592431200,1592434800,5.4
1592434800,1592438400,9
1592438400,1592442000,5.58
1592442000,1592445600,5.04
1592445600,1592449200,6.12
1592449200,1592452800,6.3
1592452800,1592456400,2.88
1592456400,1592460000,4.59
1592460000,1592463600,8.28
1592463600,1592467200,7.29
1592467200,1592470800,5.13
1592470800,1592474400,7.56
1592474400,1592478000,10.08
1592478000,1592481600,11.52
1592481600,1592485200,11.79
1592485200,1592488800,12.78
1592488800,1592492400,13.05
1592492400,1592496000,12.42
1592496000,1592499600,14.58
1592499600,1592503200,14.85
1592503200,1592506800,11.25
1592506800,1592510400,8.64
1592510400,1592514000,9.27
1592514000,1592517600,8.55
1592517600,1592521200,3.84
1592521200,1592524800,1.26
1592524800,1592528400,4.5
1592528400,1592532000,2.16
1592532000,1592535600,0.81
1592535600,1592539200,0.99
1592539200,1592542800,3.69
1592542800,1592546400,3.78
1592546400,1592550000,2.34
1592550000,1592553600,2.07
1592553600,1592557200,5.13
1592557200,1592560800,7.47
1592560800,1592564400,4.86
1592564400,1592568000,6.75
1592568000,1592571600,10.53
1592571600,1592575200,12.42
1592575200,1592578800,10.8
1592578800,1592582400,13.95
1592582400,1592586000,12.96
1592586000,1592589600,12.33
1592589600,1592593200,12.42
1592593200,1592596800,12.69
1592596800,1592600400,8.46
1592600400,1592604000,6.12
1592604000,1592607600,5.04
1592607600,1592611200,5.49
1592611200,1592614800,4.14
1592614800,1592618400,3.06
1592618400,1592622000,1.71
1592622000,1592625600,2.88
1592625600,1592629200,4.59
1592629200,1592632800,4.14
1592632800,1592636400,4.77
1592636400,1592640000,4.59
1592640000,1592643600,5.04
1592643600,1592647200,5.13
1592647200,1592650800,7.56
1592650800,1592654400,5.67
1592654400,1592658000,4.86
1592658000,1592661600,5.85
1592661600,1592665200,4.95
1592665200,1592668800,5.49
1592668800,1592672400,4.95
1592672400,1592676000,6.12
1592676000,1592679600,2.97
1592679600,1592683200,3.87
1592683200,1592686800,3.24
1592686800,1592690400,5.13
1592690400,1592694000,3.42
1592694000,1592697600,2.88
1592697600,1592701200,2.97
1592701200,1592704800,3.42
1592704800,1592708400,1.98
1592708400,1592712000,3.6
1592712000,1592715600,3.69
1592715600,1592719200,3.51
1592719200,1592722800,0.9
1592722800,1592726400,5.31
1592726400,1592730000,7.47
1592730000,1592733600,8.91
1592733600,1592737200,5.94
1592737200,1592740800,9.09
1592740800,1592744400,11.16
1592744400,1592748000,10.89
1592748000,1592751600,8.91
1592751600,1592755200,10.44
1592755200,1592758800,7.29
1592758800,1592762400,6.03
1592762400,1592766000,4.86
1592766000,1592769600,5.31
1592769600,1592773200,3.6
1592773200,1592776800,2.34
1592776800,1592780400,1.89
1592780400,1592784000,0.09
1592784000,1592787600,3.69
1592787600,1592791200,0.99
1592791200,1592794800,0.63
1592794800,1592798400,1.08
1592798400,1592802000,3.51
1592802000,1592805600,2.16
1592805600,1592809200,2.16
1592809200,1592812800,5.76
1592812800,1592816400,6.48
1592816400,1592820000,6.12
1592820000,1592823600,4.95
1592823600,1592827200,7.11
1592827200,1592830800,8.01
1592830800,1592834400,7.65
1592834400,1592838000,4.68
1592838000,1592841600,5.31
1592841600,1592845200,5.58
1592845200,1592848800,5.13
1592848800,1592852400,2.61
1592852400,1592856000,2.97
1592856000,1592859600,4.32
1592859600,1592863200,2.79
1592863200,1592866800,2.7
1592866800,1592870400,1.44
1592870400,1592874000,1.71
1592874000,1592877600,0.99
1592877600,1592881200,1.98
1592881200,1592884800,2.34
1592884800,1592888400,1.53
1592888400,1592892000,1.17
1592892000,1592895600,0
1592895600,1592899200,1.8
1592899200,1592902800,3.42
1592902800,1592906400,3.69
1592906400,1592910000,1.44
1592910000,1592913600,4.95
1592913600,1592917200,5.13
1592917200,1592920800,5.67
1592920800,1592924400,7.83
1592924400,1592928000,9.99
1592928000,1592931600,7.92
1592931600,1592935200,6.03
1592935200,1592938800,7.38
1592938800,1592942400,5.94
1592942400,1592946000,5.58
1592946000,1592949600,3.69
1592949600,1592953200,1.71
1592953200,1592956800,0.63
1592956800,1592960400,0.9
1592960400,1592964000,1.17
1592964000,1592967600,1.08
1592967600,1592971200,0.63
1592971200,1592974800,0
1592974800,1592978400,2.4
1592978400,1592982000,3.6
1592982000,1592985600,7.2
1592985600,1592989200,6.48
1592989200,1592992800,7.8
1592992800,1592996400,14.04
1592996400,1593000000,11.79
1593000000,1593003600,12.6
1593003600,1593007200,12.33
1593007200,1593010800,13.59
1593010800,1593014400,12.6
1593014400,1593018000,14.49
1593018000,1593021600,11.16
1593021600,1593025200,9.18
1593025200,1593028800,6.21
1593028800,1593032400,6.75
1593032400,1593036000,4.14
1593036000,1593039600,2.61
1593039600,1593043200,0.72
1593043200,1593046800,0
1593046800,1593050400,0.36
1593050400,1593054000,0.45
1593054000,1593057600,2.43
1593057600,1593061200,0.18
1593061200,1593064800,1.35
1593064800,1593068400,5.76
1593068400,1593072000,5.85
1593072000,1593075600,2.61
1593075600,1593079200,2.43
1593079200,1593082800,7.02
1593082800,1593086400,7.2
1593086400,1593090000,6.3
1593090000,1593093600,8.55
1593093600,1593097200,7.92
1593097200,1593100800,10.35
1593100800,1593104400,8.37
1593104400,1593108000,11.34
1593108000,1593111600,9.18
1593111600,1593115200,7.29
1593115200,1593118800,4.5
1593118800,1593122400,4.86
1593122400,1593126000,2.97
1593126000,1593129600,0
1593129600,1593133200,1.8
1593133200,1593136800,1.35
1593136800,1593140400,1.8
1593140400,1593144000,1.26
1593144000,1593147600,3.51
1593147600,1593151200,1.8
1593151200,1593154800,2.79
1593154800,1593158400,3.24
1593158400,1593162000,4.59
1593162000,1593165600,3.33
1593165600,1593169200,2.97
1593169200,1593172800,3.96
1593172800,1593176400,7.2
1593176400,1593180000,6.84
1593180000,1593183600,7.56
1593183600,1593187200,7.38
1593187200,1593190800,9.63
1593190800,1593194400,8.46
1593194400,1593198000,7.65
1593198000,1593201600,5.85
1593201600,1593205200,5.67
1593205200,1593208800,4.41
1593208800,1593212400,2.4
1593212400,1593216000,1.26
1593216000,1593219600,0
1593219600,1593223200,0
1593223200,1593226800,0.27
1593226800,1593230400,1.17
1593230400,1593234000,0.9
1593234000,1593237600,0.27
1593237600,1593241200,1.08
1593241200,1593244800,1.35
1593244800,1593248400,3.6
1593248400,1593252000,4.95
1593252000,1593255600,4.77
1593255600,1593259200,3.06
1593259200,1593262800,4.59
1593262800,1593266400,7.47
1593266400,1593270000,9.63
1593270000,1593273600,8.64
1593273600,1593277200,7.56
1593277200,1593280800,5.13
1593280800,1593284400,8.1
1593284400,1593288000,6.93
1593288000,1593291600,7.47
1593291600,1593295200,2.43
1593295200,1593298800,2.16
1593298800,1593302400,0.54
1593302400,1593306000,2.52
1593306000,1593309600,1.53
1593309600,1593313200,0
1593313200,1593316800,0
1593316800,1593320400,1.44
1593320400,1593324000,3.24
1593324000,1593327600,2.88
1593327600,1593331200,3.6
1593331200,1593334800,3.96
1593334800,1593338400,3.33
1593338400,1593342000,5.13
1593342000,1593345600,6.3
1593345600,1593349200,6.39
1593349200,1593352800,3.33
1593352800,1593356400,8.64
1593356400,1593360000,6.57
1593360000,1593363600,6.75
1593363600,1593367200,4.77
1593367200,1593370800,7.11
1593370800,1593374400,4.59
1593374400,1593378000,3.6
1593378000,1593381600,3.6
1593381600,1593385200,0.99
1593385200,1593388800,0.72
1593388800,1593392400,0
1593392400,1593396000,1.08
1593396000,1593399600,0.45
1593399600,1593403200,0.63
1593403200,1593406800,0
1593406800,1593410400,0.99
1593410400,1593414000,2.43
1593414000,1593417600,5.67
1593417600,1593421200,6.93
1593421200,1593424800,7.92
1593424800,1593428400,11.79
1593428400,1593432000,14.76
1593432000,1593435600,18.45
1593435600,1593439200,18.27
1593439200,1593442800,20.16
1593442800,1593446400,18.54
1593446400,1593450000,18.9
1593450000,1593453600,20.43
1593453600,1593457200,16.83
1593457200,1593460800,14.13
1593460800,1593464400,12.24
1593464400,1593468000,14.22
1593468000,1593471600,8.16
1593471600,1593475200,0.18
1593475200,1593478800,1.62
1593478800,1593482400,1.8
1593482400,1593486000,3.24
1593486000,1593489600,0.63
1593489600,1593493200,0.99
1593493200,1593496800,2.34
1593496800,1593500400,4.05
1593500400,1593504000,5.85
1593504000,1593507600,5.22
1593507600,1593511200,4.41
1593511200,1593514800,5.13
1593514800,1593518400,6.93
1593518400,1593522000,7.83
1593522000,1593525600,6.75
1593525600,1593529200,3.6
1593529200,1593532800,5.76
1593532800,1593536400,7.74
1593536400,1593540000,6.66
1593540000,1593543600,3.6
1593543600,1593547200,4.86
1593547200,1593550800,6.66
1593550800,1593554400,3.51
1593554400,1593558000,2.4
1593558000,1593561600,0.54
1593561600,1593565200,0
1593565200,1593568800,1.62
1593568800,1593572400,0.9
1593572400,1593576000,0.27
1593576000,1593579600,0
1593579600,1593583200,2.16
1593583200,1593586800,2.16
1593586800,1593590400,1.53
1593590400,1593594000,1.89
1593594000,1593597600,3.15
1593597600,1593601200,4.14
1593601200,1593604800,4.59
1593604800,1593608400,4.59
1593608400,1593612000,4.05
1593612000,1593615600,4.95
1593615600,1593619200,6.21
1593619200,1593622800,6.75
1593622800,1593626400,3.87
1593626400,1593630000,3.78
1593630000,1593633600,3.24
1593633600,1593637200,4.5
1593637200,1593640800,2.16
1593640800,1593644400,0
1593644400,1593648000,0.54
1593648000,1593651600,0.72
1593651600,1593655200,1.8
1593655200,1593658800,0
1593658800,1593662400,0.99
1593662400,1593666000,0.81
1593666000,1593669600,6.21
1593669600,1593673200,5.94
1593673200,1593676800,4.05
1593676800,1593680400,2.43
1593680400,1593684000,8.19
1593684000,1593687600,8.91
1593687600,1593691200,7.2
1593691200,1593694800,4.23
1593694800,1593698400,7.29
1593698400,1593702000,7.29
1593702000,1593705600,7.11
1593705600,1593709200,7.38
1593709200,1593712800,8.55
1593712800,1593716400,7.02
1593716400,1593720000,4.59
1593720000,1593723600,6.03
1593723600,1593727200,4.14
1593727200,1593730800,1.08
1593730800,1593734400,0.72
1593734400,1593738000,3.24
1593738000,1593741600,5.04
1593741600,1593745200,2.43
1593745200,1593748800,3.24
1593748800,1593752400,2.7
1593752400,1593756000,3.69
1593756000,1593759600,3.69
1593759600,1593763200,5.13
1593763200,1593766800,4.14
1593766800,1593770400,4.05
1593770400,1593774000,5.58
1593774000,1593777600,5.85
1593777600,1593781200,6.75
1593781200,1593784800,6.21
1593784800,1593788400,6.48
1593788400,1593792000,5.04
1593792000,1593795600,5.49
1593795600,1593799200,6.21
1593799200,1593802800,6.12
1593802800,1593806400,1.44
1593806400,1593810000,1.8
1593810000,1593813600,2.88
1593813600,1593817200,0
1593817200,1593820800,0
1593820800,1593824400,0
1593824400,1593828000,0
1593828000,1593831600,5.13
1593831600,1593835200,5.49
1593835200,1593838800,4.41
1593838800,1593842400,4.68
1593842400,1593846000,10.35
1593846000,1593849600,10.44
1593849600,1593853200,10.17
1593853200,1593856800,7.2
1593856800,1593860400,9.09
1593860400,1593864000,10.71
1593864000,1593867600,9.45
1593867600,1593871200,5.49
1593871200,1593874800,6.12
1593874800,1593878400,9
1593878400,1593882000,6.48
1593882000,1593885600,5.04
1593885600,1593889200,4.68
1593889200,1593892800,3.33
1593892800,1593896400,3.42
1593896400,1593900000,2.43
1593900000,1593903600,3.24
1593903600,1593907200,3.78
1593907200,1593910800,4.5
1593910800,1593914400,4.14
1593914400,1593918000,2.79
1593918000,1593921600,2.7
1593921600,1593925200,2.79
1593925200,1593928800,3.06
1593928800,1593932400,1.26
1593932400,1593936000,1.44
1593936000,1593939600,3.06
1593939600,1593943200,3.69
1593943200,1593946800,2.25
1593946800,1593950400,4.23
1593950400,1593954000,5.4
1593954000,1593957600,5.04
1593957600,1593961200,4.59
1593961200,1593964800,6.3
1593964800,1593968400,4.41
1593968400,1593972000,4.32
1593972000,1593975600,3.24
1593975600,1593979200,2.7
1593979200,1593982800,2.34
1593982800,1593986400,4.41
1593986400,1593990000,1.26
1593990000,1593993600,0
1593993600,1593997200,1.62
1593997200,1594000800,2.16
1594000800,1594004400,1.44
1594004400,1594008000,1.35
1594008000,1594011600,2.25
1594011600,1594015200,2.88
1594015200,1594018800,1.98
1594018800,1594022400,3.06
1594022400,1594026000,2.79
1594026000,1594029600,2.88
1594029600,1594033200,2.43
1594033200,1594036800,5.94
1594036800,1594040400,4.23
1594040400,1594044000,5.67
1594044000,1594047600,5.4
1594047600,1594051200,9
1594051200,1594054800,6.57
1594054800,1594058400,7.38
1594058400,1594062000,5.58
1594062000,1594065600,5.31
1594065600,1594069200,3.69
1594069200,1594072800,3.15
1594072800,1594076400,0.9
1594076400,1594080000,0
1594080000,1594083600,0
1594083600,1594087200,6.66
1594087200,1594090800,6.57
1594090800,1594094400,10.08
1594094400,1594098000,7.47
1594098000,1594101600,8.91
1594101600,1594105200,12.33
1594105200,1594108800,13.41
1594108800,1594112400,9.54
1594112400,1594116000,10.08
1594116000,1594119600,11.79
1594119600,1594123200,7.65
1594123200,1594126800,7.29
1594126800,1594130400,9
1594130400,1594134000,10.35
1594134000,1594137600,9.18
1594137600,1594141200,9
1594141200,1594144800,8.1
1594144800,1594148400,6.39
1594148400,1594152000,4.86
1594152000,1594155600,3.78
1594155600,1594159200,5.31
1594159200,1594162800,0.9
1594162800,1594166400,1.08
1594166400,1594170000,0.9
1594170000,1594173600,1.98
1594173600,1594177200,1.26
1594177200,1594180800,1.8
1594180800,1594184400,1.08
1594184400,1594188000,1.71
1594188000,1594191600,2.61
1594191600,1594195200,2.61
1594195200,1594198800,3.51
1594198800,1594202400,4.32
1594202400,1594206000,5.22
1594206000,1594209600,6.03
1594209600,1594213200,5.49
1594213200,1594216800,7.83
1594216800,1594220400,6.57
1594220400,1594224000,7.92
1594224000,1594227600,6.21
1594227600,1594231200,7.02
1594231200,1594234800,4.68
1594234800,1594238400,3.6
1594238400,1594242000,3.69
1594242000,1594245600,2.79
1594245600,1594249200,0
1594249200,1594252800,1.08
1594252800,1594256400,0
1594256400,1594260000,0
1594260000,1594263600,0.81
1594263600,1594267200,0.54
1594267200,1594270800,0
1594270800,1594274400,0
1594274400,1594278000,2.07
1594278000,1594281600,0.27
1594281600,1594285200,1.17
1594285200,1594288800,1.53
1594288800,1594292400,4.23
1594292400,1594296000,1.98
1594296000,1594299600,3.51
1594299600,1594303200,7.11
1594303200,1594306800,6.75
1594306800,1594310400,6.3
1594310400,1594314000,6.12
1594314000,1594317600,8.64
1594317600,1594321200,4.41
1594321200,1594324800,4.59
1594324800,1594328400,3.78
1594328400,1594332000,3.06
1594332000,1594335600,1.26
1594335600,1594339200,0.36
1594339200,1594342800,1.98
1594342800,1594346400,0.18
1594346400,1594350000,0.63
1594350000,1594353600,0.63
1594353600,1594357200,0.99
1594357200,1594360800,0.45
1594360800,1594364400,0.09
1594364400,1594368000,0.45
1594368000,1594371600,1.98
1594371600,1594375200,2.52
1594375200,1594378800,3.6
1594378800,1594382400,4.05
1594382400,1594386000,7.56
1594386000,1594389600,7.56
1594389600,1594393200,8.82
1594393200,1594396800,9.9
1594396800,1594400400,9.18
1594400400,1594404000,9.99
1594404000,1594407600,7.2
1594407600,1594411200,5.85
1594411200,1594414800,1.8
1594414800,1594418400,0
1594418400,1594422000,2.34
1594422000,1594425600,0
1594425600,1594429200,0
1594429200,1594432800,0
1594432800,1594436400,0
1594436400,1594440000,0
1594440000,1594443600,0
1594443600,1594447200,0
1594447200,1594450800,1.44
1594450800,1594454400,6.84
1594454400,1594458000,5.58
1594458000,1594461600,10.08
1594461600,1594465200,7.2
1594465200,1594468800,10.26
1594468800,1594472400,5.58
1594472400,1594476000,5.4
1594476000,1594479600,7.02
1594479600,1594483200,3.96
1594483200,1594486800,8.1
1594486800,1594490400,23.04
1594490400,1594494000,2.88
1594494000,1594497600,2.34
1594497600,1594501200,3.42
1594501200,1594504800,0
1594504800,1594508400,2.34
1594508400,1594512000,2.16
1594512000,1594515600,1.62
1594515600,1594519200,3.24
1594519200,1594522800,2.7
1594522800,1594526400,5.04
1594526400,1594530000,5.94
1594530000,1594533600,4.86
1594533600,1594537200,2.7
1594537200,1594540800,1.44
1594540800,1594544400,8.46
1594544400,1594548000,7.38
1594548000,1594551600,10.98
1594551600,1594555200,11.7
1594555200,1594558800,5.94
1594558800,1594562400,8.46
1594562400,1594566000,7.02
1594566000,1594569600,7.92
1594569600,1594573200,7.38
1594573200,1594576800,7.02
1594576800,1594580400,1.98
1594580400,1594584000,2.88
1594584000,1594587600,1.44
1594587600,1594591200,1.8
1594591200,1594594800,2.34
1594594800,1594598400,0.72
1594598400,1594602000,0
1594602000,1594605600,0
1594605600,1594609200,0.9
1594609200,1594612800,0
1594612800,1594616400,1.26
1594616400,1594620000,3.24
1594620000,1594623600,0
1594623600,1594627200,2.52
1594627200,1594630800,3.06
1594630800,1594634400,6.48
1594634400,1594638000,10.08
1594638000,1594641600,7.56
1594641600,1594645200,4.14
1594645200,1594648800,7.02
1594648800,1594652400,4.68
1594652400,1594656000,9
1594656000,1594659600,3.96
1594659600,1594663200,4.68
1594663200,1594666800,2.7
1594666800,1594670400,0.36
1594670400,1594674000,0
1594674000,1594677600,2.7
1594677600,1594681200,3.06
1594681200,1594684800,3.06
1594684800,1594688400,2.52
1594688400,1594692000,0.36
1594692000,1594695600,0
1594695600,1594699200,1.98
1594699200,1594702800,3.78
1594702800,1594706400,3.6
1594706400,1594710000,6.48
1594710000,1594713600,5.04
1594713600,1594717200,3.24
1594717200,1594720800,12.78
1594720800,1594724400,5.76
1594724400,1594728000,9
1594728000,1594731600,10.26
1594731600,1594735200,9.9
1594735200,1594738800,7.74
1594738800,1594742400,7.92
1594742400,1594746000,6.84
1594746000,1594749600,4.14
1594749600,1594753200,0.18
1594753200,1594756800,1.98
1594756800,1594760400,0.72
1594760400,1594764000,1.08
1594764000,1594767600,2.52
1594767600,1594771200,3.42
1594771200,1594774800,1.08
1594774800,1594778400,2.16
1594778400,1594782000,0.9
1594782000,1594785600,1.26
1594785600,1594789200,1.98
1594789200,1594792800,3.96
1594792800,1594796400,0.54
1594796400,1594800000,0.36
1594800000,1594803600,4.86
1594803600,1594807200,5.22
1594807200,1594810800,8.82
1594810800,1594814400,9.18
1594814400,1594818000,5.94
1594818000,1594821600,3.24
1594821600,1594825200,4.32
1594825200,1594828800,5.94
1594828800,1594832400,6.3
1594832400,1594836000,5.76
1594836000,1594839600,2.16
1594839600,1594843200,0
1594843200,1594846800,0
1594846800,1594850400,0
1594850400,1594854000,0
1594854000,1594857600,0
1594857600,1594861200,0
1594861200,1594864800,0
1594864800,1594868400,1.62
1594868400,1594872000,0
1594872000,1594875600,1.98
1594875600,1594879200,3.78
1594879200,1594882800,1.26
1594882800,1594886400,1.44
1594886400,1594890000,2.16
1594890000,1594893600,5.4
1594893600,1594897200,6.48
1594897200,1594900800,5.76
1594900800,1594904400,3.42
1594904400,1594908000,0.54
1594908000,1594911600,1.44
1594911600,1594915200,1.98
1594915200,1594918800,3.24
1594918800,1594922400,5.58
1594922400,1594926000,2.88
1594926000,1594929600,0
1594929600,1594933200,0
1594933200,1594936800,0
1594936800,1594940400,0
1594940400,1594944000,0.9
1594944000,1594947600,0
1594947600,1594951200,0
1594951200,1594954800,0
1594954800,1594958400,1.62
1594958400,1594962000,0
1594962000,1594965600,2.7
1594965600,1594969200,3.6
1594969200,1594972800,0
1594972800,1594976400,0.18
1594976400,1594980000,3.78
1594980000,1594983600,0
1594983600,1594987200,2.7
1594987200,1594990800,1.08
1594990800,1594994400,3.24
1594994400,1594998000,4.68
1594998000,1595001600,6.84
1595001600,1595005200,9.72
1595005200,1595008800,6.48
1595008800,1595012400,6.12
1595012400,1595016000,4.14
1595016000,1595019600,0.36
1595019600,1595023200,0
1595023200,1595026800,0.36
1595026800,1595030400,0
1595030400,1595034000,0
1595034000,1595037600,0
1595037600,1595041200,0.72
1595041200,1595044800,1.26
1595044800,1595048400,0
1595048400,1595052000,2.16
1595052000,1595055600,0
1595055600,1595059200,1.62
1595059200,1595062800,5.22
1595062800,1595066400,7.2
1595066400,1595070000,2.34
1595070000,1595073600,6.12
1595073600,1595077200,10.26
1595077200,1595080800,6.66
1595080800,1595084400,6.66
1595084400,1595088000,6.84
1595088000,1595091600,8.82
1595091600,1595095200,6.66
1595095200,1595098800,2.16
1595098800,1595102400,0
1595102400,1595106000,0.18
1595106000,1595109600,0
1595109600,1595113200,0
1595113200,1595116800,0.54
1595116800,1595120400,0
1595120400,1595124000,0.54
1595124000,1595127600,0
1595127600,1595131200,0
1595131200,1595134800,0.54
1595134800,1595138400,1.62
1595138400,1595142000,0
1595142000,1595145600,3.6
1595145600,1595149200,4.32
1595149200,1595152800,6.12
1595152800,1595156400,5.04
1595156400,1595160000,6.12
1595160000,1595163600,9
1595163600,1595167200,6.66
1595167200,1595170800,10.62
1595170800,1595174400,10.08
1595174400,1595178000,11.16
1595178000,1595181600,11.88
1595181600,1595185200,4.86
1595185200,1595188800,0
1595188800,1595192400,0
1595192400,1595196000,0
1595196000,1595199600,0.36
1595199600,1595203200,0.18
1595203200,1595206800,0
1595206800,1595210400,0.72
1595210400,1595214000,0.72
1595214000,1595217600,0
1595217600,1595221200,1.44
1595221200,1595224800,0
1595224800,1595228400,1.98
1595228400,1595232000,1.98
1595232000,1595235600,4.14
1595235600,1595239200,4.32
1595239200,1595242800,3.96
1595242800,1595246400,5.04
1595246400,1595250000,5.58
1595250000,1595253600,7.02
1595253600,1595257200,11.16
1595257200,1595260800,13.14
1595260800,1595264400,12.24
1595264400,1595268000,9
1595268000,1595271600,2.16
1595271600,1595275200,0
1595275200,1595278800,0
1595278800,1595282400,0
1595282400,1595286000,1.26
1595286000,1595289600,2.88
1595289600,1595293200,2.16
1595293200,1595296800,0
1595296800,1595300400,0
1595300400,1595304000,0.9
1595304000,1595307600,0
1595307600,1595311200,1.98
1595311200,1595314800,2.7
1595314800,1595318400,3.06
1595318400,1595322000,4.14
1595322000,1595325600,2.16
1595325600,1595329200,5.04
1595329200,1595332800,7.74
1595332800,1595336400,6.66
1595336400,1595340000,2.7
1595340000,1595343600,7.56
1595343600,1595347200,12.24
1595347200,1595350800,10.44
1595350800,1595354400,6.84
1595354400,1595358000,0
1595358000,1595361600,0.72
1595361600,1595365200,1.44
1595365200,1595368800,0.9
1595368800,1595372400,2.7
1595372400,1595376000,0
1595376000,1595379600,2.88
1595379600,1595383200,1.98
1595383200,1595386800,1.08
1595386800,1595390400,0
1595390400,1595394000,0
1595394000,1595397600,0.36
1595397600,1595401200,0.9
1595401200,1595404800,1.98
1595404800,1595408400,4.68
1595408400,1595412000,9.18
1595412000,1595415600,9
1595415600,1595419200,8.64
1595419200,1595422800,1.008
1595422800,1595426400,1.56
1595426400,1595430000,5.22
1595430000,1595433600,8.28
1595433600,1595437200,1.8
1595437200,1595440800,6.12
1595440800,1595444400,2.88
1595444400,1595448000,0
1595448000,1595451600,0
1595451600,1595455200,0
1595455200,1595458800,1.26
1595458800,1595462400,10.62
1595462400,1595466000,15.84
1595466000,1595469600,7.2
1595469600,1595473200,1.98
1595473200,1595476800,2.88
1595476800,1595480400,2.52
1595480400,1595484000,1.62
1595484000,1595487600,4.86
1595487600,1595491200,1.8
1595491200,1595494800,3.24
1595494800,1595498400,6.12
1595498400,1595502000,5.22
1595502000,1595505600,8.28
1595505600,1595509200,9.18
1595509200,1595512800,3.96
1595512800,1595516400,1.62
1595516400,1595520000,2.34
1595520000,1595523600,5.76
1595523600,1595527200,6.84
1595527200,1595530800,3.24
1595530800,1595534400,0
1595534400,1595538000,0
1595538000,1595541600,0
1595541600,1595545200,1.08
1595545200,1595548800,0
1595548800,1595552400,0.72
1595552400,1595556000,0
1595556000,1595559600,0.9
1595559600,1595563200,1.08
1595563200,1595566800,1.08
1595566800,1595570400,1.98
1595570400,1595574000,6.12
1595574000,1595577600,7.2
1595577600,1595581200,1.8
1595581200,1595584800,9.54
1595584800,1595588400,12.24
1595588400,1595592000,9.18
1595592000,1595595600,4.68
1595595600,1595599200,7.92
1595599200,1595602800,10.8
1595602800,1595606400,5.94
1595606400,1595610000,5.76
1595610000,1595613600,7.74
1595613600,1595617200,3.42
1595617200,1595620800,1.44
1595620800,1595624400,0
1595624400,1595628000,1.08
1595628000,1595631600,1.62
1595631600,1595635200,3.24
1595635200,1595638800,3.78
1595638800,1595642400,5.76
1595642400,1595646000,7.2
1595646000,1595649600,5.4
1595649600,1595653200,6.66
1595653200,1595656800,5.4
1595656800,1595660400,5.58
1595660400,1595664000,2.7
1595664000,1595667600,1.98
1595667600,1595671200,1.08
1595671200,1595674800,3.06
1595674800,1595678400,7.02
1595678400,1595682000,3.6
1595682000,1595685600,7.02
1595685600,1595689200,0.72
1595689200,1595692800,11.52
1595692800,1595696400,10.98
1595696400,1595700000,4.68
1595700000,1595703600,1.98
1595703600,1595707200,0
1595707200,1595710800,0.18
1595710800,1595714400,0
1595714400,1595718000,0.18
1595718000,1595721600,0
1595721600,1595725200,0.36
1595725200,1595728800,0
1595728800,1595732400,1.62
1595732400,1595736000,0
1595736000,1595739600,0
1595739600,1595743200,0
1595743200,1595746800,0
1595746800,1595750400,0
1595750400,1595754000,3.6
1595754000,1595757600,4.5
1595757600,1595761200,5.22
1595761200,1595764800,6.84
1595764800,1595768400,4.5
1595768400,1595772000,10.08
1595772000,1595775600,10.62
1595775600,1595779200,8.46
1595779200,1595782800,9.72
1595782800,1595786400,9.36
1595786400,1595790000,7.38
1595790000,1595793600,4.32
1595793600,1595797200,1.8
1595797200,1595800800,0
1595800800,1595804400,0
1595804400,1595808000,1.26
1595808000,1595811600,0.18
1595811600,1595815200,0
1595815200,1595818800,0
1595818800,1595822400,0.72
1595822400,1595826000,2.16
1595826000,1595829600,1.44
1595829600,1595833200,3.6
1595833200,1595836800,3.96
1595836800,1595840400,1.98
1595840400,1595844000,4.32
1595844000,1595847600,9
1595847600,1595851200,8.28
1595851200,1595854800,8.82
1595854800,1595858400,12.6
1595858400,1595862000,10.62
1595862000,1595865600,12.78
1595865600,1595869200,12.6
1595869200,1595872800,5.4
1595872800,1595876400,1.98
1595876400,1595880000,0
1595880000,1595883600,0
1595883600,1595887200,0
1595887200,1595890800,0
1595890800,1595894400,0.36
1595894400,1595898000,1.08
1595898000,1595901600,0.54
1595901600,1595905200,0.9
1595905200,1595908800,0
1595908800,1595912400,0
1595912400,1595916000,2.34
1595916000,1595919600,1.26
1595919600,1595923200,3.06
1595923200,1595926800,7.92
1595926800,1595930400,4.68
1595930400,1595934000,5.22
1595934000,1595937600,2.7
1595937600,1595941200,7.02
1595941200,1595944800,11.88
1595944800,1595948400,13.68
1595948400,1595952000,8.46
1595952000,1595955600,11.52
1595955600,1595959200,7.92
1595959200,1595962800,1.26
1595962800,1595966400,0
1595966400,1595970000,0
1595970000,1595973600,2.16
1595973600,1595977200,0.18
1595977200,1595980800,0
1595980800,1595984400,0
1595984400,1595988000,1.62
1595988000,1595991600,2.7
1595991600,1595995200,2.34
1595995200,1595998800,0
1595998800,1596002400,3.6
1596002400,1596006000,3.6
1596006000,1596009600,2.16
1596009600,1596013200,7.74
1596013200,1596016800,3.96
1596016800,1596020400,4.14
1596020400,1596024000,6.48
1596024000,1596027600,7.74
1596027600,1596031200,10.62
1596031200,1596034800,10.62
1596034800,1596038400,8.82
1596038400,1596042000,6.48
1596042000,1596045600,6.84
1596045600,1596049200,1.8
1596049200,1596052800,0
1596052800,1596056400,0.54
1596056400,1596060000,0
1596060000,1596063600,0
1596063600,1596067200,0
1596067200,1596070800,0
1596070800,1596074400,0
1596074400,1596078000,1.08
1596078000,1596081600,0
1596081600,1596085200,0.18
1596085200,1596088800,1.08
1596088800,1596092400,4.68
1596092400,1596096000,5.94
1596096000,1596099600,8.28
1596099600,1596103200,5.76
1596103200,1596106800,3.78
1596106800,1596110400,5.76
1596110400,1596114000,5.4
1596114000,1596117600,0.72
1596117600,1596121200,4.86
1596121200,1596124800,9
1596124800,1596128400,11.7
1596128400,1596132000,5.58
1596132000,1596135600,1.8
1596135600,1596139200,0
1596139200,1596142800,0
1596142800,1596146400,0
1596146400,1596150000,0
1596150000,1596153600,0
1596153600,1596157200,0
1596157200,1596160800,0
1596160800,1596164400,0
1596164400,1596168000,0.54
1596168000,1596171600,0.72
1596171600,1596175200,3.06
1596175200,1596178800,1.08
1596178800,1596182400,3.24
1596182400,1596186000,5.94
1596186000,1596189600,5.4
1596189600,1596193200,5.94
1596193200,1596196800,4.32
1596196800,1596200400,5.94
1596200400,1596204000,9.72
1596204000,1596207600,5.04
1596207600,1596211200,9
1596211200,1596214800,9.9
1596214800,1596218400,9.9
1596218400,1596222000,3.6
1596222000,1596225600,0.54
1596225600,1596229200,0
1596229200,1596232800,2.16
1596232800,1596236400,0.54
1596236400,1596240000,1.26
1596240000,1596243600,1.08
1596243600,1596247200,1.26
1596247200,1596250800,0
1596250800,1596254400,0
1596254400,1596258000,0
1596258000,1596261600,0
1596261600,1596265200,3.24
1596265200,1596268800,4.68
1596268800,1596272400,6.66
1596272400,1596276000,7.2
1596276000,1596279600,2.34
1596279600,1596283200,5.22
1596283200,1596286800,2.88
1596286800,1596290400,1.62
1596290400,1596294000,5.58
1596294000,1596297600,10.44
1596297600,1596301200,10.08
1596301200,1596304800,6.3
1596304800,1596308400,2.16
1596308400,1596312000,0
1596312000,1596315600,0
1596315600,1596319200,0
1596319200,1596322800,0
1596322800,1596326400,3.06
1596326400,1596330000,3.6
1596330000,1596333600,17.1
1596333600,1596337200,5.58
1596337200,1596340800,0.9
1596340800,1596344400,0.72
1596344400,1596348000,2.34
1596348000,1596351600,3.6
1596351600,1596355200,4.14
1596355200,1596358800,10.98
1596358800,1596362400,13.86
1596362400,1596366000,11.88
1596366000,1596369600,5.22
1596369600,1596373200,7.92
1596373200,1596376800,10.08
1596376800,1596380400,12.42
1596380400,1596384000,9.9
1596384000,1596387600,7.92
1596387600,1596391200,9.18
1596391200,1596394800,2.7
1596394800,1596398400,0.9
1596398400,1596402000,0
1596402000,1596405600,0
1596405600,1596409200,0
1596409200,1596412800,2.16
1596412800,1596416400,0
1596416400,1596420000,1.44
1596420000,1596423600,6.66
1596423600,1596427200,2.88
1596427200,1596430800,0
1596430800,1596434400,0.54
1596434400,1596438000,7.74
1596438000,1596441600,5.76
1596441600,1596445200,6.12
1596445200,1596448800,2.34
1596448800,1596452400,3.78
1596452400,1596456000,1.8
1596456000,1596459600,3.06
1596459600,1596463200,7.74
1596463200,1596466800,8.82
1596466800,1596470400,4.86
1596470400,1596474000,8.64
1596474000,1596477600,3.42
1596477600,1596481200,2.34
1596481200,1596484800,1.08
1596484800,1596488400,3.78
1596488400,1596492000,12.78
1596492000,1596495600,2.16
1596495600,1596499200,0
1596499200,1596502800,6.12
1596502800,1596506400,5.04
1596506400,1596510000,1.44
1596510000,1596513600,0.9
1596513600,1596517200,0
1596517200,1596520800,1.44
1596520800,1596524400,4.32
1596524400,1596528000,1.62
1596528000,1596531600,3.24
1596531600,1596535200,2.88
1596535200,1596538800,1.98
1596538800,1596542400,5.22
1596542400,1596546000,1.44
1596546000,1596549600,0
1596549600,1596553200,4.5
1596553200,1596556800,1.44
1596556800,1596560400,4.68
1596560400,1596564000,8.46
1596564000,1596567600,8.28
1596567600,1596571200,4.32
1596571200,1596574800,1.44
1596574800,1596578400,2.7
1596578400,1596582000,2.52
1596582000,1596585600,2.7
1596585600,1596589200,0.18
1596589200,1596592800,6.3
1596592800,1596596400,9
1596596400,1596600000,7.02
1596600000,1596603600,8.46
1596603600,1596607200,5.4
1596607200,1596610800,5.22
1596610800,1596614400,6.84
1596614400,1596618000,3.42
1596618000,1596621600,10.8
1596621600,1596625200,18
1596625200,1596628800,18.54
1596628800,1596632400,13.5
1596632400,1596636000,12.42
1596636000,1596639600,12.96
1596639600,1596643200,10.44
1596643200,1596646800,8.46
1596646800,1596650400,6.48
1596650400,1596654000,0.54
1596654000,1596657600,0
1596657600,1596661200,1.98
1596661200,1596664800,2.16
1596664800,1596668400,5.22
1596668400,1596672000,4.86
1596672000,1596675600,5.4
1596675600,1596679200,3.42
1596679200,1596682800,2.34
1596682800,1596686400,4.68
1596686400,1596690000,6.84
1596690000,1596693600,7.2
1596693600,1596697200,9
1596697200,1596700800,10.98
1596700800,1596704400,12.42
1596704400,1596708000,11.7
1596708000,1596711600,9.18
1596711600,1596715200,9.9
1596715200,1596718800,11.88
1596718800,1596722400,5.94
1596722400,1596726000,9.9
1596726000,1596729600,8.28
1596729600,1596733200,7.02
1596733200,1596736800,1.8
1596736800,1596740400,0
1596740400,1596744000,0
1596744000,1596747600,1.98
1596747600,1596751200,2.16
1596751200,1596754800,2.88
1596754800,1596758400,2.34
1596758400,1596762000,2.52
1596762000,1596765600,0
1596765600,1596769200,0
1596769200,1596772800,4.14
1596772800,1596776400,3.6
1596776400,1596780000,2.7
1596780000,1596783600,9.54
1596783600,1596787200,5.4
1596787200,1596790800,5.94
1596790800,1596794400,8.64
1596794400,1596798000,6.84
1596798000,1596801600,10.26
1596801600,1596805200,9.9
1596805200,1596808800,9.9
1596808800,1596812400,10.44
1596812400,1596816000,9.9
1596816000,1596819600,5.58
1596819600,1596823200,0.9
1596823200,1596826800,0
1596826800,1596830400,3.6
1596830400,1596834000,4.32
1596834000,1596837600,4.86
1596837600,1596841200,4.32
1596841200,1596844800,1.98
1596844800,1596848400,2.88
1596848400,1596852000,4.32
1596852000,1596855600,3.78
1596855600,1596859200,3.96
1596859200,1596862800,5.22
1596862800,1596866400,4.68
1596866400,1596870000,7.02
1596870000,1596873600,12.42
1596873600,1596877200,10.62
1596877200,1596880800,9.9
1596880800,1596884400,9.54
1596884400,1596888000,11.16
1596888000,1596891600,8.82
1596891600,1596895200,10.62
1596895200,1596898800,7.92
1596898800,1596902400,7.74
1596902400,1596906000,4.86
1596906000,1596909600,0
1596909600,1596913200,0.54
1596913200,1596916800,1.26
1596916800,1596920400,2.88
1596920400,1596924000,2.52
1596924000,1596927600,1.26
1596927600,1596931200,1.44
1596931200,1596934800,0.18
1596934800,1596938400,0
1596938400,1596942000,1.8
1596942000,1596945600,4.86
1596945600,1596949200,3.96
1596949200,1596952800,5.94
1596952800,1596956400,7.02
1596956400,1596960000,7.2
1596960000,1596963600,7.74
1596963600,1596967200,7.2
1596967200,1596970800,7.02
1596970800,1596974400,8.28
1596974400,1596978000,6.48
1596978000,1596981600,3.96
1596981600,1596985200,4.32
1596985200,1596988800,7.74
1596988800,1596992400,6.12
1596992400,1596996000,3.42
1596996000,1596999600,0.72
1596999600,1597003200,1.44
1597003200,1597006800,1.08
1597006800,1597010400,1.62
1597010400,1597014000,0
1597014000,1597017600,0.36
1597017600,1597021200,0
1597021200,1597024800,0
1597024800,1597028400,2.52
1597028400,1597032000,2.52
1597032000,1597035600,0.18
1597035600,1597039200,1.08
1597039200,1597042800,1.08
1597042800,1597046400,0.18
1597046400,1597050000,3.42
1597050000,1597053600,1.98
1597053600,1597057200,1.8
1597057200,1597060800,6.12
1597060800,1597064400,6.66
1597064400,1597068000,5.94
1597068000,1597071600,9.54
1597071600,1597075200,7.56
1597075200,1597078800,6.48
1597078800,1597082400,3.42
1597082400,1597086000,0.72
1597086000,1597089600,0.72
1597089600,1597093200,0
1597093200,1597096800,0
1597096800,1597100400,0.72
1597100400,1597104000,2.7
1597104000,1597107600,0
1597107600,1597111200,0
1597111200,1597114800,0.9
1597114800,1597118400,2.7
1597118400,1597122000,1.44
1597122000,1597125600,2.34
1597125600,1597129200,0.36
1597129200,1597132800,2.16
1597132800,1597136400,3.6
1597136400,1597140000,6.66
1597140000,1597143600,1.44
1597143600,1597147200,3.42
1597147200,1597150800,3.6
1597150800,1597154400,3.78
1597154400,1597158000,8.28
1597158000,1597161600,8.46
1597161600,1597165200,7.02
1597165200,1597168800,4.68
1597168800,1597172400,1.98
1597172400,1597176000,0.9
1597176000,1597179600,0.9
1597179600,1597183200,1.08
1597183200,1597186800,1.62
1597186800,1597190400,1.8
1597190400,1597194000,1.44
1597194000,1597197600,3.96
1597197600,1597201200,2.16
1597201200,1597204800,1.26
1597204800,1597208400,0.72
1597208400,1597212000,0.9
1597212000,1597215600,3.06
1597215600,1597219200,1.98
1597219200,1597222800,0.36
1597222800,1597226400,4.14
1597226400,1597230000,3.96
1597230000,1597233600,4.68
1597233600,1597237200,7.02
1597237200,1597240800,7.38
1597240800,1597244400,8.82
1597244400,1597248000,9.36
1597248000,1597251600,8.1
1597251600,1597255200,3.96
1597255200,1597258800,0.54
1597258800,1597262400,1.8
1597262400,1597266000,0
1597266000,1597269600,1.26
1597269600,1597273200,0
1597273200,1597276800,0
1597276800,1597280400,0
1597280400,1597284000,2.88
1597284000,1597287600,0.9
1597287600,1597291200,1.44
1597291200,1597294800,1.44
1597294800,1597298400,3.06
1597298400,1597302000,3.06
1597302000,1597305600,10.08
1597305600,1597309200,7.02
1597309200,1597312800,8.1
1597312800,1597316400,6.66
1597316400,1597320000,3.06
1597320000,1597323600,3.96
1597323600,1597327200,5.22
1597327200,1597330800,5.22
1597330800,1597334400,5.4
1597334400,1597338000,7.92
1597338000,1597341600,3.42
1597341600,1597345200,0
1597345200,1597348800,0
1597348800,1597352400,0
1597352400,1597356000,0
1597356000,1597359600,0
1597359600,1597363200,2.88
1597363200,1597366800,3.24
1597366800,1597370400,5.58
1597370400,1597374000,3.78
1597374000,1597377600,4.14
1597377600,1597381200,2.52
1597381200,1597384800,1.98
1597384800,1597388400,0
1597388400,1597392000,4.68
1597392000,1597395600,6.66
1597395600,1597399200,5.94
1597399200,1597402800,7.56
1597402800,1597406400,4.86
1597406400,1597410000,3.42
1597410000,1597413600,8.1
1597413600,1597417200,4.14
1597417200,1597420800,7.74
1597420800,1597424400,10.08
1597424400,1597428000,1.62
1597428000,1597431600,0
1597431600,1597435200,1.08
1597435200,1597438800,0
1597438800,1597442400,0.54
1597442400,1597446000,0
1597446000,1597449600,0
1597449600,1597453200,0.54
1597453200,1597456800,0
1597456800,1597460400,0
1597460400,1597464000,0.72
1597464000,1597467600,0.9
1597467600,1597471200,0
1597471200,1597474800,1.26
1597474800,1597478400,3.96
1597478400,1597482000,0.72
1597482000,1597485600,0.18
1597485600,1597489200,3.96
1597489200,1597492800,3.24
1597492800,1597496400,3.6
1597496400,1597500000,7.02
1597500000,1597503600,7.56
1597503600,1597507200,5.94
1597507200,1597510800,3.96
1597510800,1597514400,2.52
1597514400,1597518000,0
1597518000,1597521600,0.36
1597521600,1597525200,0
1597525200,1597528800,0
1597528800,1597532400,0
1597532400,1597536000,0
1597536000,1597539600,0
1597539600,1597543200,0
1597543200,1597546800,0
1597546800,1597550400,0
1597550400,1597554000,0
1597554000,1597557600,1.62
1597557600,1597561200,0
1597561200,1597564800,0
1597564800,1597568400,0
1597568400,1597572000,2.52
1597572000,1597575600,3.78
1597575600,1597579200,6.3
1597579200,1597582800,7.92
1597582800,1597586400,10.08
1597586400,1597590000,6.84
1597590000,1597593600,8.28
1597593600,1597597200,9.18
1597597200,1597600800,4.68
1597600800,1597604400,2.16
1597604400,1597608000,0
1597608000,1597611600,0
1597611600,1597615200,1.98
1597615200,1597618800,1.62
1597618800,1597622400,0
1597622400,1597626000,0
1597626000,1597629600,0
1597629600,1597633200,0
1597633200,1597636800,0
1597636800,1597640400,0
1597640400,1597644000,0
1597644000,1597647600,0
1597647600,1597651200,1.98
1597651200,1597654800,0.9
1597654800,1597658400,5.22
1597658400,1597662000,7.56
1597662000,1597665600,2.88
1597665600,1597669200,12.96
1597669200,1597672800,8.64
1597672800,1597676400,10.62
1597676400,1597680000,12.78
1597680000,1597683600,5.4
1597683600,1597687200,1.98
1597687200,1597690800,1.44
1597690800,1597694400,1.98
1597694400,1597698000,1.08
1597698000,1597701600,2.16
1597701600,1597705200,0.72
1597705200,1597708800,2.34
1597708800,1597712400,4.68
1597712400,1597716000,4.32
1597716000,1597719600,2.34
1597719600,1597723200,0
1597723200,1597726800,0
1597726800,1597730400,0
1597730400,1597734000,0
1597734000,1597737600,1.44
1597737600,1597741200,0.36
1597741200,1597744800,1.08
1597744800,1597748400,5.94
1597748400,1597752000,4.5
1597752000,1597755600,7.38
1597755600,1597759200,5.94
1597759200,1597762800,4.5
1597762800,1597766400,5.4
1597766400,1597770000,5.04
1597770000,1597773600,0
1597773600,1597777200,2.34
1597777200,1597780800,1.98
1597780800,1597784400,2.34
1597784400,1597788000,0.18
1597788000,1597791600,0
1597791600,1597795200,0
1597795200,1597798800,1.08
1597798800,1597802400,0
1597802400,1597806000,0
1597806000,1597809600,1.44
1597809600,1597813200,1.8
1597813200,1597816800,0.54
1597816800,1597820400,3.96
1597820400,1597824000,1.98
1597824000,1597827600,4.68
1597827600,1597831200,3.96
1597831200,1597834800,6.3
1597834800,1597838400,4.86
1597838400,1597842000,3.96
1597842000,1597845600,9.36
1597845600,1597849200,6.3
1597849200,1597852800,7.2
1597852800,1597856400,7.38
1597856400,1597860000,5.4
1597860000,1597863600,1.26
1597863600,1597867200,1.62
1597867200,1597870800,0.36
1597870800,1597874400,0.72
1597874400,1597878000,0
1597878000,1597881600,0
1597881600,1597885200,0
1597885200,1597888800,0
1597888800,1597892400,0
1597892400,1597896000,1.08
1597896000,1597899600,0
1597899600,1597903200,1.98
1597903200,1597906800,3.42
1597906800,1597910400,2.34
1597910400,1597914000,4.14
1597914000,1597917600,6.3
1597917600,1597921200,4.14
1597921200,1597924800,4.32
1597924800,1597928400,6.48
1597928400,1597932000,8.64
1597932000,1597935600,13.5
1597935600,1597939200,11.88
1597939200,1597942800,12.24
1597942800,1597946400,7.56
1597946400,1597950000,2.7
1597950000,1597953600,0.9
1597953600,1597957200,0
1597957200,1597960800,1.26
1597960800,1597964400,0
1597964400,1597968000,0
1597968000,1597971600,0
1597971600,1597975200,0
1597975200,1597978800,0
1597978800,1597982400,0
1597982400,1597986000,0
1597986000,1597989600,0
1597989600,1597993200,0
1597993200,1597996800,2.34
1597996800,1598000400,1.26
1598000400,1598004000,1.44
1598004000,1598007600,4.86
1598007600,1598011200,8.64
1598011200,1598014800,11.16
1598014800,1598018400,8.28
1598018400,1598022000,10.26
1598022000,1598025600,10.62
1598025600,1598029200,8.1
1598029200,1598032800,5.04
1598032800,1598036400,1.8
1598036400,1598040000,1.62
1598040000,1598043600,1.26
1598043600,1598047200,0
1598047200,1598050800,0
1598050800,1598054400,0
1598054400,1598058000,0.36
1598058000,1598061600,3.6
1598061600,1598065200,0
1598065200,1598068800,0
1598068800,1598072400,0
1598072400,1598076000,0.36
1598076000,1598079600,1.62
1598079600,1598083200,0.72
1598083200,1598086800,3.24
1598086800,1598090400,5.04
1598090400,1598094000,1.44
1598094000,1598097600,4.5
1598097600,1598101200,7.56
1598101200,1598104800,6.12
1598104800,1598108400,13.68
1598108400,1598112000,12.24
1598112000,1598115600,6.66
1598115600,1598119200,6.84
1598119200,1598122800,1.26
1598122800,1598126400,2.7
1598126400,1598130000,2.16
1598130000,1598133600,2.88
1598133600,1598137200,1.62
1598137200,1598140800,4.68
1598140800,1598144400,5.22
1598144400,1598148000,1.08
1598148000,1598151600,1.44
1598151600,1598155200,2.16
1598155200,1598158800,3.06
1598158800,1598162400,1.08
1598162400,1598166000,4.68
1598166000,1598169600,5.58
1598169600,1598173200,3.24
1598173200,1598176800,2.88
1598176800,1598180400,5.58
1598180400,1598184000,5.94
1598184000,1598187600,13.32
1598187600,1598191200,12.24
1598191200,1598194800,11.52
1598194800,1598198400,14.94
1598198400,1598202000,12.06
1598202000,1598205600,9.72
1598205600,1598209200,6.66
1598209200,1598212800,4.68
1598212800,1598216400,12.96
1598216400,1598220000,2.88
1598220000,1598223600,1.08
1598223600,1598227200,0
1598227200,1598230800,0.18
1598230800,1598234400,4.5
1598234400,1598238000,1.8
1598238000,1598241600,0
1598241600,1598245200,4.5
1598245200,1598248800,7.92
1598248800,1598252400,10.44
1598252400,1598256000,9
1598256000,1598259600,6.66
1598259600,1598263200,5.4
1598263200,1598266800,6.12
1598266800,1598270400,7.2
1598270400,1598274000,1.8
1598274000,1598277600,9.9
1598277600,1598281200,10.98
1598281200,1598284800,8.28
1598284800,1598288400,10.62
1598288400,1598292000,5.22
1598292000,1598295600,1.62
1598295600,1598299200,0
1598299200,1598302800,0
1598302800,1598306400,1.8
1598306400,1598310000,3.78
1598310000,1598313600,3.24
1598313600,1598317200,1.8
1598317200,1598320800,4.5
1598320800,1598324400,2.52
1598324400,1598328000,2.16
1598328000,1598331600,4.32
1598331600,1598335200,6.66
1598335200,1598338800,9.9
1598338800,1598342400,8.82
1598342400,1598346000,5.58
1598346000,1598349600,9
1598349600,1598353200,4.68
1598353200,1598356800,4.86
1598356800,1598360400,5.94
1598360400,1598364000,3.06
1598364000,1598367600,5.04
1598367600,1598371200,9.36
1598371200,1598374800,10.08
1598374800,1598378400,7.74
1598378400,1598382000,0.18
1598382000,1598385600,0
1598385600,1598389200,0
1598389200,1598392800,0
1598392800,1598396400,1.26
1598396400,1598400000,0
1598400000,1598403600,0
1598403600,1598407200,0
1598407200,1598410800,0.9
1598410800,1598414400,0
1598414400,1598418000,0
1598418000,1598421600,0
1598421600,1598425200,0
1598425200,1598428800,4.5
1598428800,1598432400,4.5
1598432400,1598436000,6.66
1598436000,1598439600,4.32
1598439600,1598443200,5.22
1598443200,1598446800,3.42
1598446800,1598450400,6.66
1598450400,1598454000,5.76
1598454000,1598457600,7.92
1598457600,1598461200,8.82
1598461200,1598464800,6.48
1598464800,1598468400,3.24
1598468400,1598472000,4.14
1598472000,1598475600,0.18
1598475600,1598479200,0
1598479200,1598482800,0
1598482800,1598486400,0
1598486400,1598490000,0.72
1598490000,1598493600,0
1598493600,1598497200,0
1598497200,1598500800,0
1598500800,1598504400,0.9
1598504400,1598508000,0
1598508000,1598511600,1.8
1598511600,1598515200,3.6
1598515200,1598518800,3.78
1598518800,1598522400,7.92
1598522400,1598526000,4.32
1598526000,1598529600,3.42
1598529600,1598533200,5.58
1598533200,1598536800,5.76
1598536800,1598540400,8.82
1598540400,1598544000,10.98
1598544000,1598547600,10.44
1598547600,1598551200,7.2
1598551200,1598554800,1.8
1598554800,1598558400,1.62
1598558400,1598562000,0
1598562000,1598565600,0.18
1598565600,1598569200,1.26
1598569200,1598572800,0
1598572800,1598576400,1.8
1598576400,1598580000,0
1598580000,1598583600,0
1598583600,1598587200,0
1598587200,1598590800,0
1598590800,1598594400,0
1598594400,1598598000,0
1598598000,1598601600,0.18
1598601600,1598605200,2.52
1598605200,1598608800,2.88
1598608800,1598612400,5.22
1598612400,1598616000,14.04
1598616000,1598619600,9.72
1598619600,1598623200,9.72
1598623200,1598626800,5.4
1598626800,1598630400,11.88
1598630400,1598634000,7.2
1598634000,1598637600,3.96
1598637600,1598641200,3.06
1598641200,1598644800,0.9
1598644800,1598648400,1.8
1598648400,1598652000,2.88
1598652000,1598655600,2.16
1598655600,1598659200,0.9
1598659200,1598662800,0.18
1598662800,1598666400,2.88
1598666400,1598670000,2.88
1598670000,1598673600,0.72
1598673600,1598677200,0.9
1598677200,1598680800,1.8
1598680800,1598684400,2.52
1598684400,1598688000,4.68
1598688000,1598691600,5.4
1598691600,1598695200,7.92
1598695200,1598698800,6.84
1598698800,1598702400,9.54
1598702400,1598706000,9.54
1598706000,1598709600,12.06
1598709600,1598713200,16.38
1598713200,1598716800,9
1598716800,1598720400,11.34
1598720400,1598724000,7.38
1598724000,1598727600,11.7
1598727600,1598731200,12.24
1598731200,1598734800,5.4
1598734800,1598738400,2.88
1598738400,1598742000,1.8
1598742000,1598745600,0.54
1598745600,1598749200,0
1598749200,1598752800,0
1598752800,1598756400,1.8
1598756400,1598760000,0
1598760000,1598763600,7.56
1598763600,1598767200,8.46
1598767200,1598770800,4.32
1598770800,1598774400,3.78
1598774400,1598778000,6.84
1598778000,1598781600,4.14
1598781600,1598785200,9.18
1598785200,1598788800,17.46
1598788800,1598792400,8.28
1598792400,1598796000,11.34
1598796000,1598799600,8.1
1598799600,1598803200,5.94
1598803200,1598806800,5.22
1598806800,1598810400,5.94
1598810400,1598814000,1.98
1598814000,1598817600,3.78
1598817600,1598821200,1.08
1598821200,1598824800,4.14
1598824800,1598828400,4.68
1598828400,1598832000,9
1598832000,1598835600,4.86
1598835600,1598839200,7.74
1598839200,1598842800,2.7
1598842800,1598846400,0.9
1598846400,1598850000,0.18
1598850000,1598853600,0
1598853600,1598857200,1.8
1598857200,1598860800,0
1598860800,1598864400,1.26
1598864400,1598868000,3.06
1598868000,1598871600,0
1598871600,1598875200,1.08
1598875200,1598878800,6.12
1598878800,1598882400,6.84
1598882400,1598886000,12.96
1598886000,1598889600,6.3
1598889600,1598893200,8.1
1598893200,1598896800,3.06
1598896800,1598900400,1.08
1598900400,1598904000,6.84
1598904000,1598907600,4.32
1598907600,1598911200,10.08
1598911200,1598914800,8.46
1598914800,1598918400,8.46
1598918400,1598922000,8.1
1598922000,1598925600,5.22
1598925600,1598929200,2.34
1598929200,1598932800,2.16
1598932800,1598936400,4.32
1598936400,1598940000,5.22
1598940000,1598943600,5.04
1598943600,1598947200,5.58
1598947200,1598950800,3.78
1598950800,1598954400,2.16
1598954400,1598958000,6.12
1598958000,1598961600,9
1598961600,1598965200,1.8
1598965200,1598968800,3.96
1598968800,1598972400,6.66
1598972400,1598976000,5.58
1598976000,1598979600,10.44
1598979600,1598983200,5.58
1598983200,1598986800,1.62
1598986800,1598990400,0.36
1598990400,1598994000,1.62
1598994000,1598997600,0
1598997600,1599001200,0
1599001200,1599004800,0
1599004800,1599008400,0
1599008400,1599012000,0
1599012000,1599015600,0
1599015600,1599019200,0
1599019200,1599022800,0
1599022800,1599026400,0
1599026400,1599030000,0.9
1599030000,1599033600,1.62
1599033600,1599037200,0.54
1599037200,1599040800,9.9
1599040800,1599044400,7.74
1599044400,1599048000,9.9
1599048000,1599051600,12.06
1599051600,1599055200,12.96
1599055200,1599058800,11.7
1599058800,1599062400,9.9
1599062400,1599066000,7.56
1599066000,1599069600,3.6
1599069600,1599073200,7.74
1599073200,1599076800,1.26
1599076800,1599080400,3.06
1599080400,1599084000,0
1599084000,1599087600,1.62
1599087600,1599091200,1.08
1599091200,1599094800,2.16
1599094800,1599098400,2.88
1599098400,1599102000,2.34
1599102000,1599105600,5.22
1599105600,1599109200,5.94
1599109200,1599112800,5.76
1599112800,1599116400,4.86
1599116400,1599120000,6.3
1599120000,1599123600,4.68
1599123600,1599127200,8.64
1599127200,1599130800,5.58
1599130800,1599134400,2.16
1599134400,1599138000,2.16
1599138000,1599141600,3.42
1599141600,1599145200,3.24
1599145200,1599148800,3.96
1599148800,1599152400,4.86
1599152400,1599156000,1.8
1599156000,1599159600,0.54
1599159600,1599163200,0
1599163200,1599166800,1.08
1599166800,1599170400,2.34
1599170400,1599174000,3.42
1599174000,1599177600,0.36
1599177600,1599181200,0
1599181200,1599184800,0
1599184800,1599188400,0
1599188400,1599192000,0
1599192000,1599195600,0
1599195600,1599199200,1.8
1599199200,1599202800,1.08
1599202800,1599206400,1.62
1599206400,1599210000,1.62
1599210000,1599213600,3.06
1599213600,1599217200,2.7
1599217200,1599220800,2.7
1599220800,1599224400,3.42
1599224400,1599228000,10.26
1599228000,1599231600,7.56
1599231600,1599235200,9.9
1599235200,1599238800,8.28
1599238800,1599242400,1.44
1599242400,1599246000,0.9
1599246000,1599249600,0
1599249600,1599253200,0
1599253200,1599256800,0
1599256800,1599260400,0
1599260400,1599264000,0.18
1599264000,1599267600,0
1599267600,1599271200,0
1599271200,1599274800,1.08
1599274800,1599278400,0.72
1599278400,1599282000,0.9
1599282000,1599285600,1.98
1599285600,1599289200,2.7
1599289200,1599292800,1.08
1599292800,1599296400,1.98
1599296400,1599300000,3.06
1599300000,1599303600,5.76
1599303600,1599307200,4.68
1599307200,1599310800,5.58
1599310800,1599314400,3.42
1599314400,1599318000,7.74
1599318000,1599321600,8.46
1599321600,1599325200,7.38
1599325200,1599328800,3.78
1599328800,1599332400,2.7
1599332400,1599336000,0.9
1599336000,1599339600,0
1599339600,1599343200,0
1599343200,1599346800,1.08
1599346800,1599350400,1.26
1599350400,1599354000,2.7
1599354000,1599357600,1.26
1599357600,1599361200,0
1599361200,1599364800,0.72
1599364800,1599368400,1.26
1599368400,1599372000,1.08
1599372000,1599375600,0
1599375600,1599379200,1.26
1599379200,1599382800,1.62
1599382800,1599386400,2.16
1599386400,1599390000,4.14
1599390000,1599393600,3.78
1599393600,1599397200,5.4
1599397200,1599400800,7.74
1599400800,1599404400,8.1
1599404400,1599408000,11.16
1599408000,1599411600,5.04
1599411600,1599415200,2.88
1599415200,1599418800,0
1599418800,1599422400,1.26
1599422400,1599426000,2.16
1599426000,1599429600,2.52
1599429600,1599433200,0
1599433200,1599436800,1.08
1599436800,1599440400,4.68
1599440400,1599444000,4.32
1599444000,1599447600,3.24
1599447600,1599451200,3.78
1599451200,1599454800,1.8
1599454800,1599458400,3.24
1599458400,1599462000,4.32
1599462000,1599465600,4.32
1599465600,1599469200,4.5
1599469200,1599472800,4.5
1599472800,1599476400,4.86
1599476400,1599480000,4.14
1599480000,1599483600,1.08
1599483600,1599487200,3.06
1599487200,1599490800,11.88
1599490800,1599494400,9.9
1599494400,1599498000,7.74
1599498000,1599501600,4.68
1599501600,1599505200,1.62
1599505200,1599508800,0.54
1599508800,1599512400,0
1599512400,1599516000,0.9
1599516000,1599519600,3.24
1599519600,1599523200,4.32
1599523200,1599526800,3.24
1599526800,1599530400,4.86
1599530400,1599534000,1.98
1599534000,1599537600,3.6
1599537600,1599541200,2.34
1599541200,1599544800,1.98
1599544800,1599548400,8.46
1599548400,1599552000,8.1
1599552000,1599555600,5.58
1599555600,1599559200,5.22
1599559200,1599562800,5.4
1599562800,1599566400,1.08
1599566400,1599570000,5.94
1599570000,1599573600,7.56
1599573600,1599577200,3.42
1599577200,1599580800,6.66
1599580800,1599584400,6.84
1599584400,1599588000,2.52
1599588000,1599591600,0
1599591600,1599595200,0
1599595200,1599598800,1.98
1599598800,1599602400,1.62
1599602400,1599606000,0.54
1599606000,1599609600,0
1599609600,1599613200,1.8
1599613200,1599616800,0
1599616800,1599620400,0
1599620400,1599624000,0
1599624000,1599627600,0
1599627600,1599631200,0
1599631200,1599634800,2.16
1599634800,1599638400,4.14
1599638400,1599642000,1.98
1599642000,1599645600,1.98
1599645600,1599649200,0.72
1599649200,1599652800,3.42
1599652800,1599656400,3.6
1599656400,1599660000,2.16
1599660000,1599663600,4.68
1599663600,1599667200,6.66
1599667200,1599670800,6.3
1599670800,1599674400,2.52
1599674400,1599678000,1.08
1599678000,1599681600,1.26
1599681600,1599685200,1.44
1599685200,1599688800,1.26
1599688800,1599692400,0
1599692400,1599696000,0.54
1599696000,1599699600,1.8
1599699600,1599703200,1.98
1599703200,1599706800,0
1599706800,1599710400,1.08
1599710400,1599714000,3.06
1599714000,1599717600,0
1599717600,1599721200,1.98
1599721200,1599724800,1.62
1599724800,1599728400,3.96
1599728400,1599732000,3.78
1599732000,1599735600,3.78
1599735600,1599739200,4.68
1599739200,1599742800,6.66
1599742800,1599746400,9.54
1599746400,1599750000,8.46
1599750000,1599753600,7.02
1599753600,1599757200,5.94
1599757200,1599760800,1.98
1599760800,1599764400,0.9
1599764400,1599768000,0
1599768000,1599771600,0
1599771600,1599775200,0
1599775200,1599778800,0
1599778800,1599782400,1.26
1599782400,1599786000,3.6
1599786000,1599789600,0
1599789600,1599793200,0
1599793200,1599796800,0.18
1599796800,1599800400,1.08
1599800400,1599804000,1.08
1599804000,1599807600,3.24
1599807600,1599811200,3.78
1599811200,1599814800,3.24
1599814800,1599818400,6.48
1599818400,1599822000,6.3
1599822000,1599825600,3.24
1599825600,1599829200,4.14
1599829200,1599832800,4.5
1599832800,1599836400,4.5
1599836400,1599840000,7.02
1599840000,1599843600,6.66
1599843600,1599847200,0
1599847200,1599850800,0
1599850800,1599854400,0
1599854400,1599858000,0
1599858000,1599861600,0
1599861600,1599865200,2.34
1599865200,1599868800,2.7
1599868800,1599872400,3.6
1599872400,1599876000,3.96
1599876000,1599879600,3.78
1599879600,1599883200,1.8
1599883200,1599886800,4.14
1599886800,1599890400,2.16
1599890400,1599894000,3.42
1599894000,1599897600,11.16
1599897600,1599901200,10.8
1599901200,1599904800,9.54
1599904800,1599908400,10.26
1599908400,1599912000,8.1
1599912000,1599915600,4.68
1599915600,1599919200,3.06
1599919200,1599922800,5.04
1599922800,1599926400,4.5
1599926400,1599930000,5.76
1599930000,1599933600,0.9
1599933600,1599937200,0
1599937200,1599940800,1.8
1599940800,1599944400,2.34
1599944400,1599948000,0.72
1599948000,1599951600,2.34
1599951600,1599955200,2.7
1599955200,1599958800,0.9
1599958800,1599962400,1.26
1599962400,1599966000,1.26
1599966000,1599969600,1.08
1599969600,1599973200,2.7
1599973200,1599976800,4.14
1599976800,1599980400,2.7
1599980400,1599984000,10.26
1599984000,1599987600,10.62
1599987600,1599991200,9.54
1599991200,1599994800,9
1599994800,1599998400,8.82
1599998400,1600002000,7.92
1600002000,1600005600,9.9
1600005600,1600009200,8.46
1600009200,1600012800,7.56
1600012800,1600016400,2.7
1600016400,1600020000,1.44
1600020000,1600023600,0
1600023600,1600027200,2.34
1600027200,1600030800,1.44
1600030800,1600034400,4.14
1600034400,1600038000,2.34
1600038000,1600041600,0.18
1600041600,1600045200,0
1600045200,1600048800,3.96
1600048800,1600052400,3.24
1600052400,1600056000,4.86
1600056000,1600059600,5.04
1600059600,1600063200,4.5
1600063200,1600066800,5.58
1600066800,1600070400,8.64
1600070400,1600074000,9.36
1600074000,1600077600,5.22
1600077600,1600081200,3.78
1600081200,1600084800,6.66
1600084800,1600088400,6.84
1600088400,1600092000,9.9
1600092000,1600095600,8.1
1600095600,1600099200,9.9
1600099200,1600102800,4.14
1600102800,1600106400,0
1600106400,1600110000,0
1600110000,1600113600,2.7
1600113600,1600117200,4.32
1600117200,1600120800,3.78
1600120800,1600124400,3.78
1600124400,1600128000,0.18
1600128000,1600131600,1.98
1600131600,1600135200,1.44
1600135200,1600138800,0
1600138800,1600142400,1.26
1600142400,1600146000,3.6
1600146000,1600149600,0.9
1600149600,1600153200,3.96
1600153200,1600156800,10.26
1600156800,1600160400,8.46
1600160400,1600164000,10.98
1600164000,1600167600,5.76
1600167600,1600171200,2.34
1600171200,1600174800,7.38
1600174800,1600178400,1.98
1600178400,1600182000,3.6
1600182000,1600185600,9.36
1600185600,1600189200,2.52
1600189200,1600192800,0
1600192800,1600196400,0
1600196400,1600200000,0
1600200000,1600203600,2.16
1600203600,1600207200,0
1600207200,1600210800,0
1600210800,1600214400,1.44
1600214400,1600218000,1.62
1600218000,1600221600,5.94
1600221600,1600225200,3.6
1600225200,1600228800,2.88
1600228800,1600232400,0
1600232400,1600236000,0
1600236000,1600239600,2.16
1600239600,1600243200,6.48
1600243200,1600246800,9.36
1600246800,1600250400,10.8
1600250400,1600254000,9.36
1600254000,1600257600,7.2
1600257600,1600261200,6.48
1600261200,1600264800,5.94
1600264800,1600268400,5.4
1600268400,1600272000,5.04
1600272000,1600275600,1.26
1600275600,1600279200,0
1600279200,1600282800,3.06
1600282800,1600286400,2.88
1600286400,1600290000,3.6
1600290000,1600293600,3.42
1600293600,1600297200,2.7
1600297200,1600300800,2.88
1600300800,1600304400,1.26
1600304400,1600308000,2.7
1600308000,1600311600,1.44
1600311600,1600315200,0
1600315200,1600318800,0
1600318800,1600322400,0
1600322400,1600326000,2.7
1600326000,1600329600,5.4
1600329600,1600333200,10.08
1600333200,1600336800,6.84
1600336800,1600340400,10.62
1600340400,1600344000,8.82
1600344000,1600347600,7.38
1600347600,1600351200,14.04
1600351200,1600354800,12.06
1600354800,1600358400,8.46
1600358400,1600362000,6.66
1600362000,1600365600,0.54
1600365600,1600369200,0.36
1600369200,1600372800,0.9
1600372800,1600376400,3.42
1600376400,1600380000,3.42
1600380000,1600383600,3.24
1600383600,1600387200,3.42
1600387200,1600390800,3.6
1600390800,1600394400,2.88
1600394400,1600398000,1.62
1600398000,1600401600,4.14
1600401600,1600405200,3.42
1600405200,1600408800,0
1600408800,1600412400,4.32
1600412400,1600416000,8.82
1600416000,1600419600,8.1
1600419600,1600423200,2.88
1600423200,1600426800,3.06
1600426800,1600430400,4.32
1600430400,1600434000,6.84
1600434000,1600437600,7.74
1600437600,1600441200,5.58
1600441200,1600444800,5.58
1600444800,1600448400,5.58
1600448400,1600452000,4.32
1600452000,1600455600,1.08
1600455600,1600459200,0.72
1600459200,1600462800,0
1600462800,1600466400,0
1600466400,1600470000,0
1600470000,1600473600,2.52
1600473600,1600477200,0.54
1600477200,1600480800,0
1600480800,1600484400,0
1600484400,1600488000,1.8
1600488000,1600491600,0
1600491600,1600495200,0
1600495200,1600498800,2.16
1600498800,1600502400,2.7
1600502400,1600506000,1.8
1600506000,1600509600,0.72
1600509600,1600513200,3.96
1600513200,1600516800,3.96
1600516800,1600520400,4.14
1600520400,1600524000,3.78
1600524000,1600527600,4.14
1600527600,1600531200,7.2
1600531200,1600534800,7.38
1600534800,1600538400,0
1600538400,1600542000,0
1600542000,1600545600,1.98
1600545600,1600549200,0
1600549200,1600552800,0.54
1600552800,1600556400,0.54
1600556400,1600560000,1.08
1600560000,1600563600,0.36
1600563600,1600567200,0
1600567200,1600570800,0
1600570800,1600574400,0
1600574400,1600578000,0
1600578000,1600581600,0
1600581600,1600585200,0
1600585200,1600588800,0.9
1600588800,1600592400,4.14
1600592400,1600596000,7.2
1600596000,1600599600,6.12
1600599600,1600603200,4.68
1600603200,1600606800,3.78
1600606800,1600610400,6.12
1600610400,1600614000,7.38
1600614000,1600617600,5.04
1600617600,1600621200,5.94
1600621200,1600624800,6.84
1600624800,1600628400,2.7
1600628400,1600632000,4.68
1600632000,1600635600,3.96
1600635600,1600639200,2.7
1600639200,1600642800,0
1600642800,1600646400,0.9
1600646400,1600650000,1.98
1600650000,1600653600,2.7
1600653600,1600657200,1.08
1600657200,1600660800,0
1600660800,1600664400,0
1600664400,1600668000,0
1600668000,1600671600,3.06
1600671600,1600675200,2.7
1600675200,1600678800,4.68
1600678800,1600682400,5.04
1600682400,1600686000,6.3
1600686000,1600689600,3.24
1600689600,1600693200,5.22
1600693200,1600696800,5.58
1600696800,1600700400,8.46
1600700400,1600704000,11.88
1600704000,1600707600,7.2
1600707600,1600711200,3.06
1600711200,1600714800,1.08
1600714800,1600718400,3.06
1600718400,1600722000,0
1600722000,1600725600,0
1600725600,1600729200,1.44
1600729200,1600732800,0
1600732800,1600736400,0.36
1600736400,1600740000,0
1600740000,1600743600,0
1600743600,1600747200,0.54
1600747200,1600750800,0
1600750800,1600754400,0.36
1600754400,1600758000,3.24
1600758000,1600761600,5.4
1600761600,1600765200,3.42
1600765200,1600768800,2.34
1600768800,1600772400,3.42
1600772400,1600776000,3.78
1600776000,1600779600,3.06
1600779600,1600783200,4.14
1600783200,1600786800,9.18
1600786800,1600790400,7.02
1600790400,1600794000,3.42
1600794000,1600797600,1.26
1600797600,1600801200,3.78
1600801200,1600804800,1.44
1600804800,1600808400,2.34
1600808400,1600812000,0
1600812000,1600815600,1.44
1600815600,1600819200,0.36
1600819200,1600822800,0
1600822800,1600826400,0
1600826400,1600830000,0
1600830000,1600833600,0
1600833600,1600837200,0
1600837200,1600840800,0
1600840800,1600844400,0
1600844400,1600848000,0
1600848000,1600851600,2.34
1600851600,1600855200,8.1
1600855200,1600858800,11.88
1600858800,1600862400,10.44
1600862400,1600866000,7.56
1600866000,1600869600,8.64
1600869600,1600873200,11.88
1600873200,1600876800,10.08
1600876800,1600880400,7.2
1600880400,1600884000,5.58
1600884000,1600887600,4.5
1600887600,1600891200,2.88
1600891200,1600894800,3.6
1600894800,1600898400,4.86
1600898400,1600902000,2.88
1600902000,1600905600,2.88
1600905600,1600909200,2.16
1600909200,1600912800,3.78
1600912800,1600916400,0
1600916400,1600920000,0
1600920000,1600923600,0
1600923600,1600927200,0
1600927200,1600930800,0
1600930800,1600934400,2.88
1600934400,1600938000,9.18
1600938000,1600941600,10.26
1600941600,1600945200,11.16
1600945200,1600948800,5.76
1600948800,1600952400,12.96
1600952400,1600956000,9.54
1600956000,1600959600,7.2
1600959600,1600963200,5.58
1600963200,1600966800,1.08
1600966800,1600970400,2.16
1600970400,1600974000,2.34
1600974000,1600977600,2.16
1600977600,1600981200,0
1600981200,1600984800,0
1600984800,1600988400,0.18
1600988400,1600992000,3.42
1600992000,1600995600,4.68
1600995600,1600999200,3.42
1600999200,1601002800,6.84
1601002800,1601006400,2.52
1601006400,1601010000,8.1
1601010000,1601013600,7.92
1601013600,1601017200,7.2
1601017200,1601020800,16.74
1601020800,1601024400,13.5
1601024400,1601028000,10.8
1601028000,1601031600,17.1
1601031600,1601035200,22.32
1601035200,1601038800,16.2
1601038800,1601042400,14.94
1601042400,1601046000,14.04
1601046000,1601049600,14.22
1601049600,1601053200,16.74
1601053200,1601056800,12.42
1601056800,1601060400,5.94
1601060400,1601064000,1.26
1601064000,1601067600,4.32
1601067600,1601071200,16.2
1601071200,1601074800,24.84
1601074800,1601078400,18.9
1601078400,1601082000,15.12
1601082000,1601085600,15.66
1601085600,1601089200,19.98
1601089200,1601092800,0.72
1601092800,1601096400,1.08
1601096400,1601100000,3.06
1601100000,1601103600,2.52
1601103600,1601107200,2.52
1601107200,1601110800,2.16
1601110800,1601114400,6.84
1601114400,1601118000,17.64
1601118000,1601121600,18.18
1601121600,1601125200,16.92
1601125200,1601128800,11.52
1601128800,1601132400,18
1601132400,1601136000,16.74
1601136000,1601139600,6.3
1601139600,1601143200,0
1601143200,1601146800,0
1601146800,1601150400,1.44
1601150400,1601154000,2.52
1601154000,1601157600,0.54
1601157600,1601161200,4.68
1601161200,1601164800,10.08
1601164800,1601168400,7.74
1601168400,1601172000,4.32
1601172000,1601175600,0.18
1601175600,1601179200,0
1601179200,1601182800,2.52
1601182800,1601186400,0.36
1601186400,1601190000,0.54
1601190000,1601193600,1.98
1601193600,1601197200,2.88
1601197200,1601200800,3.78
1601200800,1601204400,2.7
1601204400,1601208000,3.06
1601208000,1601211600,3.24
1601211600,1601215200,2.7
1601215200,1601218800,0.72
1601218800,1601222400,2.7
1601222400,1601226000,0.9
1601226000,1601229600,2.16
1601229600,1601233200,5.4
1601233200,1601236800,7.74
1601236800,1601240400,13.5
1601240400,1601244000,15.3
1601244000,1601247600,14.76
1601247600,1601251200,12.78
1601251200,1601254800,9.72
1601254800,1601258400,6.48
1601258400,1601262000,4.5
1601262000,1601265600,3.96
1601265600,1601269200,3.06
1601269200,1601272800,1.26
1601272800,1601276400,2.7
1601276400,1601280000,1.08
1601280000,1601283600,2.16
1601283600,1601287200,6.12
1601287200,1601290800,6.3
1601290800,1601294400,2.34
1601294400,1601298000,6.12
1601298000,1601301600,3.06
1601301600,1601305200,2.34
1601305200,1601308800,11.52
1601308800,1601312400,3.96
1601312400,1601316000,1.08
1601316000,1601319600,0.36
1601319600,1601323200,0.72
1601323200,1601326800,0
1601326800,1601330400,0
1601330400,1601334000,0
1601334000,1601337600,0
1601337600,1601341200,0
1601341200,1601344800,0
1601344800,1601348400,0
1601348400,1601352000,0
1601352000,1601355600,0
1601355600,1601359200,0
1601359200,1601362800,0
1601362800,1601366400,1.62
1601366400,1601370000,7.02
1601370000,1601373600,7.02
1601373600,1601377200,2.88
1601377200,1601380800,2.34
1601380800,1601384400,2.7
1601384400,1601388000,3.24
1601388000,1601391600,2.7
1601391600,1601395200,3.24
1601395200,1601398800,1.98
1601398800,1601402400,0.9
1601402400,1601406000,0.36
1601406000,1601409600,0
1601409600,1601413200,0
1601413200,1601416800,0
1601416800,1601420400,0
1601420400,1601424000,2.88
1601424000,1601427600,1.26
1601427600,1601431200,0
1601431200,1601434800,0
1601434800,1601438400,0
1601438400,1601442000,1.8
1601442000,1601445600,2.34
1601445600,1601449200,1.62
1601449200,1601452800,1.98
1601452800,1601456400,3.96
1601456400,1601460000,4.5
1601460000,1601463600,5.22
1601463600,1601467200,4.5
1601467200,1601470800,1.44
1601470800,1601474400,1.26
1601474400,1601478000,3.96
1601478000,1601481600,4.32
1601481600,1601485200,1.44
1601485200,1601488800,0
1601488800,1601492400,1.26
1601492400,1601496000,0.72
1601496000,1601499600,0.9
1601499600,1601503200,0
1601503200,1601506800,0
1601506800,1601510400,1.44
1601510400,1601514000,0.72
1601514000,1601517600,0
1601517600,1601521200,0
1601521200,1601524800,0
1601524800,1601528400,0
1601528400,1601532000,0
1601532000,1601535600,0
1601535600,1601539200,1.26
1601539200,1601542800,2.7
1601542800,1601546400,4.68
1601546400,1601550000,10.62
1601550000,1601553600,8.64
1601553600,1601557200,11.16
1601557200,1601560800,8.82
1601560800,1601564400,3.6
1601564400,1601568000,7.38
1601568000,1601571600,4.14
1601571600,1601575200,1.8
1601575200,1601578800,4.86
1601578800,1601582400,3.96
1601582400,1601586000,5.4
1601586000,1601589600,3.06
1601589600,1601593200,1.08
1601593200,1601596800,2.16
1601596800,1601600400,0
1601600400,1601604000,1.62
1601604000,1601607600,1.8
1601607600,1601611200,2.52
1601611200,1601614800,0.36
1601614800,1601618400,1.98
1601618400,1601622000,6.66
1601622000,1601625600,4.68
1601625600,1601629200,4.32
1601629200,1601632800,4.5
1601632800,1601636400,5.4
1601636400,1601640000,6.3
1601640000,1601643600,5.58
1601643600,1601647200,5.58
1601647200,1601650800,5.94
1601650800,1601654400,4.86
1601654400,1601658000,1.26
1601658000,1601661600,1.08
1601661600,1601665200,4.32
1601665200,1601668800,8.1
1601668800,1601672400,5.22
1601672400,1601676000,7.2
1601676000,1601679600,7.56
1601679600,1601683200,5.94
1601683200,1601686800,7.38
1601686800,1601690400,4.32
1601690400,1601694000,8.1
1601694000,1601697600,4.14
1601697600,1601701200,8.64
1601701200,1601704800,6.12
1601704800,1601708400,5.4
1601708400,1601712000,5.04
1601712000,1601715600,1.98
1601715600,1601719200,6.3
1601719200,1601722800,14.58
1601722800,1601726400,17.46
1601726400,1601730000,14.58
1601730000,1601733600,6.3
1601733600,1601737200,4.14
1601737200,1601740800,5.94
1601740800,1601744400,4.5
1601744400,1601748000,5.22
1601748000,1601751600,2.34
1601751600,1601755200,2.16
1601755200,1601758800,0
1601758800,1601762400,2.88
1601762400,1601766000,2.52
1601766000,1601769600,8.28
1601769600,1601773200,8.1
1601773200,1601776800,3.96
1601776800,1601780400,7.56
1601780400,1601784000,7.74
1601784000,1601787600,5.04
1601787600,1601791200,2.52
1601791200,1601794800,7.74
1601794800,1601798400,11.16
1601798400,1601802000,8.1
1601802000,1601805600,7.92
1601805600,1601809200,8.46
1601809200,1601812800,9
1601812800,1601816400,6.48
1601816400,1601820000,6.48
1601820000,1601823600,2.34
1601823600,1601827200,0
1601827200,1601830800,1.62
1601830800,1601834400,1.44
1601834400,1601838000,2.88
1601838000,1601841600,3.78
1601841600,1601845200,5.94
1601845200,1601848800,1.98
1601848800,1601852400,4.5
1601852400,1601856000,3.78
1601856000,1601859600,0.9
1601859600,1601863200,2.7
1601863200,1601866800,6.3
1601866800,1601870400,3.78
1601870400,1601874000,1.8
1601874000,1601877600,3.06
1601877600,1601881200,2.34
1601881200,1601884800,6.48
1601884800,1601888400,7.38
1601888400,1601892000,15.3
1601892000,1601895600,17.64
1601895600,1601899200,17.28
1601899200,1601902800,16.2
1601902800,1601906400,12.24
1601906400,1601910000,8.1
1601910000,1601913600,2.88
1601913600,1601917200,4.68
1601917200,1601920800,1.98
1601920800,1601924400,3.42
1601924400,1601928000,3.78
1601928000,1601931600,3.42
1601931600,1601935200,0.72
1601935200,1601938800,0
1601938800,1601942400,0
1601942400,1601946000,0
1601946000,1601949600,0
1601949600,1601953200,0
1601953200,1601956800,0
1601956800,1601960400,0
1601960400,1601964000,0
1601964000,1601967600,0
1601967600,1601971200,6.12
1601971200,1601974800,5.94
1601974800,1601978400,11.88
1601978400,1601982000,13.5
1601982000,1601985600,14.04
1601985600,1601989200,16.38
1601989200,1601992800,7.38
1601992800,1601996400,11.88
1601996400,1602000000,10.62
1602000000,1602003600,6.12
1602003600,1602007200,3.06
1602007200,1602010800,0
1602010800,1602014400,7.92
1602014400,1602018000,4.32
1602018000,1602021600,1.8
1602021600,1602025200,1.62